Workbook

Sheet bank
A1: Дата | B1: Счет/ИНН | C1: № док-та | D1: Оп | E1: МФО | F1: Оборот Дебет | G1: Оборот Кредит | H1: Назначение платежа | I1: Talabaning F.I.SH | J1: Shartnoma raqami
A2: 9666 | B2: yangi shot | C2: Транзитный счет для разовых платежей 200542744 | D2: 8422272 | E2: 06 | F2: 01048 | G2: 1275000 | H2: 0066708/06/2026й №25/26 Sh/A388 сонли шартномага асосан Toshmurodova Sarvara нинг контракт тулови от TOSHMURODOVA SARVARA | I2: Toshmurodova Sarvara | J2: 25/26 Sh/A 388
A3: 9671 | B3: yangi shot | C3: Транзитный счет для разовых платежей 200542744 | D3: 8557261 | E3: 06 | F3: 01048 | G3: 1200000 | H3: 0065522.06.2026 йилдаги №26/27 SH/A07-сонли шартномага кура Тураева Севинчнинг контракт тулови учун от Юлдошев Суннатилло | I3: Turaeva Sevinch | J3: 26/27 Sh/A 07
A4: 03.07.26 | B4: yangi shot | C4: YULDUZ RAXIMOVA 309016201 | D4: 13498525 | E4: 21 | F4: 01190 | G4: 1275000 | H4: 00667Pirnazariva Jasmina Kontrakt tulovi uchun | I4: Pirnazariva Jasmina
A5: 07.07.26 | B5: yangi shot | C5: Транзитный счет для разовых платежей 200542744 | D5: 8876082 | E5: 06 | F5: 01048 | G5: 1275000 | H5: 0066527.06.2026 й Шартнома№26/27 sh/a 21 га асосан талаба TURAYEVA GULASAL JURA QIZI нинг контракт тулови утказилди от TURAYEVA GULASAL JURA QIZI | I5: Turayeva Gulasal Jura qizi | J5: 26/27 Sh/A 21
A6: 46211 | B6: yangi shot | C6: Транзитный счет для разовых платежей 200542744 | D6: 8921203 | E6: 06 | F6: 01048 | G6: 1000000 | H6: 0065508,07,2026й №26/27 Sh/A 45 шартномага асосан ESHBOBOYEVA FOTIMA NURALI QIZI(AD0697178)нинг контракт тулови от ESHBOBOYEVA FOTIMA | I6: Eshboboyeva Fotima Nurali qizi | J6: 26/27 Sh/A 45
A7: 46213 | B7: yangi shot | C7: Т/счет для спис с ПК физлиц по другим платежам (70 200542744 | D7: 8970168 | E7: 06 | F7: 01048 | G7: 1000000 | H7: 006550065524.06.2026 Y №26/27 SH/A14 SHARTNOMAGA ASOSAN XAMDAMOVA MADINA ABDUQODIR QIZI (AB8517012) NING KONTRAKT TULOVI от MEYLIKOVA MAXFUZA | I7: Xamdamova Madina Abduqodir qizi | J7: 26/27 Sh/A 14
A8: 46224 | B8: yangi shot | C8: Накд пулда бир мартталик туловлар буйича хисоб кит 207215726 | D8: 372517728 | E8: 21 | F8: 01125 | G8: 1000000 | H8: 00995BURIYEVA MOHIRA ABDUG'AFFOR QIZI SHARTNOMAGA ASOSAN KANTRAKT TULOVI UCHUN | I8: Buriyeva Mohira Abdug'affor qizi
A9: 46224 | B9: yangi shot | C9: Транзитный счет для разовых платежей 200542744 | D9: 9186931 | E9: 06 | F9: 01048 | G9: 1275000 | H9: 0066726.06.2026й №26/27 Sh/A20 сонли шартномага асосан Темирбоева Ироданинг контракт тулови утказилди от ТОЖИЕВА КЛАРА | I9: Temirboeva Iroda | J9: 26/27 Sh/A 20
A10: 46226 | B10: yangi shot | C10: Транзитный счет для разовых платежей 200542744 | D10: 9236319 | E10: 06 | F10: 01048 | G10: 1700000 | H10: 0066717.07.2026й №26/27 Sh/A 65 сонли шартномага асосан Исомиддинова Рухшонанинг контракт тулови утказилди от YULDOSHEVA DILNOZA | I10: Isomiddinova Ruxshona | J10: 26/27 Sh/A 65
A11: 46227 | B11: yangi shot | C11: Транзитный счет для разовых платежей 200542744 | D11: 9278872 | E11: 06 | F11: 01048 | G11: 1700000 | H11: 0066718.06.2026й №26/27Sh/A02 сонли шартномага асосан XURRAMOVA SHODIYA AROL QIZI нинг коньракт тулови от XURRAMOVA SHODIYA | I11: Xurramova Shodiya Arol qizi | J11: 26/27 Sh/A 02
A12: 46227 | B12: yangi shot | C12: Транзитный счет для разовых платежей 200542744 | D12: 9268348 | E12: 06 | F12: 01048 | G12: 1275000 | H12: 0065503.07.2026 йилдаги №26/27 SH/A 33-сонли шартномага асосан контракт тулови учун от Ахмадова Муниса | I12: Axmadova Munisa | J12: 26/27 Sh/A 33
A13: 46230 | B13: yangi shot | C13: Чакана амалиётлар кассаси филиал 200542744 | D13: 9292025 | E13: 93 | F13: 01048 | G13: 1700000 | H13: 001420,07,2026й №26/27 Sh/A 79 шартномага асосан UMAROVA IRODA MUZAFFAR QIZI(AE5293914)нинг контракт тулови от Назарова Ойша | I13: Umarova Iroda Muzaffar qizi | J13: 26/27 Sh/A 79
A14: 46230 | B14: yangi shot | C14: Чакана амалиётлар кассаси филиал 200542744 | D14: 9291251 | E14: 93 | F14: 01048 | G14: 1200000 | H14: 001422.06.2026й Шартнома№26/27 sh/a 05 га асосан талаба ESHPULATOAV SHAHNOZA SHERALI QIZIнинг 1-курс 40910203-Хамширалик иши учун контракт тулови утказилди от SHERALIEVA NARGIZA | I14: Eshpulatoav Shahnoza Sherali qizi | J14: 26/27 Sh/A 05
A15: 46230 | B15: yangi shot | C15: Чакана амалиётлар кассаси филиал 200542744 | D15: 9292121 | E15: 93 | F15: 01048 | G15: 1700000 | H15: 001420,07,2026й №26/27 Sh/A 74 шартномага асосан SAYDALIMOVA RUXSHONA SHAROFIDDIN QIZI(AE3352294)нинг контракт тулови от Амонова Сожида | I15: Saydalimova Ruxshona Sharofiddin qizi | J15: 26/27 Sh/A 74
A16: 46231 | B16: yangi shot | C16: Транзитный счет для разовых платежей 200542744 | D16: 9329157 | E16: 06 | F16: 01048 | G16: 1275000 | H16: 0066722.06.2026 йил №26/27 Sh/A 06 шартномага асосан 1-курс талабаси Турабоева Сабринанинг укиши учун тулов от Турабоева Сабрина | I16: Turaboeva Sabrina | J16: 26/27 Sh/A 06
A17: 46231 | B17: yangi shot | C17: Т/счет для спис с ПК физлиц по другим платежам (70 200542744 | D17: 9326135 | E17: 06 | F17: 01048 | G17: 1300000 | H17: 0065522.06.2026й Шартнома№ 26/27 sh/a 11 га асосан талаба Тошева Азиза Шерзод кизининг 1-курс 40910203-Хамширалик иши учун контракт тулови утказилди от TOSHEVA AZIZA | I17: Tosheva Aziza Sherzod qizi | J17: 26/27 Sh/A 11
A18: 46233 | B18: yangi shot | C18: Накд пулда бир мартталик туловлар буйича хисоб кит 207215726 | D18: 372927932 | E18: 21 | F18: 01125 | G18: 1700000 | H18: 00995Meyliqulova Hilola Farhod qizi Kontrakt tulovi | I18: Meyliqulova Hilola Farhod qizi
A19: 46232 | B19: yangi shot | C19: Транзитный счет для разовых платежей 200542744 | D19: 9344988 | E19: 06 | F19: 01048 | G19: 1275000 | H19: 0066703.07.2026йил шартномага асосан Сайфиева Зарина Ахмад Кизи(AD7984192)нинг контракт тулови от МАХМУДОВА ЗАМИРА | I19: Sayfieva Zarina Axmad qizi
A20: 46232 | B20: yangi shot | C20: Транзитный счет для разовых платежей 200542744 | D20: 9346202 | E20: 06 | F20: 01048 | G20: 1300000 | H20: 0066719.06.2026 YILDAGI №26/27 Sh/A 03 SONLI SHARTNOMAGA ASOSAN SAYFILLAYEVA SHODIYONA NING KONTRAKT TO'LOVI O'TKAZILDI (AE4385111) Банка «Ипак Йули»(10111) QARSHI TIBBIYOT TEXNIKUMI NTM от SAYFILLAYEVA SHODIYONA | I20: Sayfillayeva Shodiyona | J20: 26/27 Sh/A 03
A21: 46232 | B21: yangi shot | C21: Транзитный счет для разовых платежей 200542744 | D21: 9350822 | E21: 06 | F21: 01048 | G21: 1200000 | H21: 0065507.07.2026й №26/27 Sh/A 44 шартномага асосан BAHODIROVA ASILA OLMOS QIZI(AE1222596)нинг контракт тулови от SUVONOV OLMOS | I21: Bahodirova Asila Olmos qizi | J21: 26/27 Sh/A 44
A22: 46234 | B22: yangi shot | C22: Транзитный счет для разовых платежей 200542744 | D22: 9402125 | E22: 06 | F22: 01048 | G22: 1700000 | H22: 0066713.07.2026й №26/27 Sh/A55 сонли шартномага асосан QARSHIYEVA SHAHLO нинг контракт тулови утказилди от QARSHIYEVA SHAHLO | I22: Qarshiyeva Shahlo | J22: 26/27 Sh/A 55
A23: 46234 | B23: yangi shot | C23: JURAYEVA DILNOZ G`OIBNAZAROVNA 201055108 | D23: 0000000006 | E23: 06 | F23: 00446 | G23: 1700000 | H23: 00111JURAYEVA DILNOZ GOIBNAZAROVNANING SHARTNOMAGA №26/27 ASOSAN UQISH TULOVI JURAYEVA DILNOZ G`OIBNAZAROVNA | I23: Jurayeva Dilnoz G'oibnazarovna
A24: 46234 | B24: yangi shot | C24: Банк филиалида жисмоний шахслардан бошка бир марта 207243390 | D24: 0199133109 | E24: 06 | F24: 00176 | G24: 2000000 | H24: 00667 Berdimurodova Nafosat AD9709558 kantrakt tulovi uchun | I24: Berdimurodova Nafosat
A25: 46240 | B25: yangi shot | C25: Жисмоний шахслардан накд пул оркали кабул килинган 200836354 | D25: 39634355 | E25: 21 | F25: 00450 | G25: 1700000 | H25: 00111TOSHPULATOVA ASILA №SH/A 112.29.07.2026 SONLI SHARTNOMAGA ASOSAN KANTRAKT TULOVI | I25: Toshpulatova Asila | J25: Sh/A 112
A26: 46240 | B26: yangi shot | C26: Транзитный счет для разовых платежей 200542744 | D26: 9525599 | E26: 06 | F26: 01048 | G26: 1500000 | H26: 0066706.08.2026 YILDAGI № 26/27 SH/A148 SONLI SHARNOMAGA ASOSAN 1-KURS UROQOVA JASMINA JASUR QIZINING KANTRAK TULOVI от UROQOVA JASMINA JASUR QIZI | I26: Uroqova Jasmina Jasur qizi | J26: 26/27 Sh/A 148
A27: 46240 | B27: yangi shot | C27: Транзитный счет для разовых платежей 200542744 | D27: 9533788 | E27: 06 | F27: 01048 | G27: 1700000 | H27: 0066705.08.2026 йилдаги №26/27 Sh/A146 сонли шартномага асосан Samatova Oydin Sulaymonovna ни укиши учун утказилди от Samatova Oydin Sulaymonovna | I27: Samatova Oydin Sulaymonovna | J27: 26/27 Sh/A 146
A28: 46241 | B28: yangi shot | C28: ЧАК 01109 "Китоб" БХМ прочие разовые платежи 201055090 | D28: 13708499 | E28: 21 | F28: 00491 | G28: 1275000 | H28: 00108Xurramova Shahnoza Shuhrat qizi 01.07.2026-yil № 26/27 SH/A 29 shartnomaga asosan kontrakt tulovi | I28: Xurramova Shahnoza Shuhrat qizi | J28: 26/27 Sh/A 29
A29: 46244 | B29: yangi shot | C29: Транзитный счет для разовых платежей 200542744 | D29: 9576140 | E29: 06 | F29: 01048 | G29: 1700000 | H29: 00655ШАМСИЕВА ФОТИМА ШАРТНОМА №26/27 SH/А107 27.07.2026 йилга асосан укиш учун тулов. от ШАМСИЕВА ФОТИМА | I29: Shamsieva Fotima | J29: 26/27 Sh/A 107
A30: 46244 | B30: yangi shot | C30: Транзитный счет для разовых платежей 200542744 | D30: 9587262 | E30: 06 | F30: 01048 | G30: 1700000 | H30: 0065520,07,2026й №26/27 Sh/A 75 шартномага асосан YORBOBOYEVA MAHLIYO XUSAN QIZI(AB9239333)нинг контракт тулови от YORBOBOYEVA MAHLIYO | I30: Yorboboyeva Mahliyo Xusan qizi | J30: 26/27 Sh/A 75
A31: 46244 | B31: yangi shot | C31: Жисмоний шахслардан накд пул оркали кабул килинган 200836354 | D31: 39697033 | E31: 21 | F31: 00450 | G31: 1700000 | H31: 00111XAYDAROVA IRODA ZARIF QIZI №26/27 SH/A 113.29.07.2026 SONLI SHARTNOMAGA ASOSAN KANTRAKT TULOVI | I31: Xaydarova Iroda Zarif qizi | J31: 26/27 Sh/A 113
A32: 46244 | B32: yangi shot | C32: Транзитный счет для разовых платежей 200542744 | D32: 9578359 | E32: 06 | F32: 01048 | G32: 1275000 | H32: 0065529.06.2026й Шартнома№26/27 sh/a 26 га асосан талаба Halimova Sevinch(AD8735102) нинг контракт тулови утказилди от ESHONQULOVA SHAXNOZA | I32: Halimova Sevinch | J32: 26/27 Sh/A 26
A33: 46238 | B33: yangi shot | C33: Транзитный счет для разовых платежей 200542744 | D33: 9469581 | E33: 06 | F33: 01048 | G33: 1700000 | H33: 0066701.08.2026 йил №120 шартномага асосан Махмудова Мафтуна(AE4270256)нинг контракт тулови от ХОЛИКОВ ТУРА | I33: Maxmudova Maftuna | J33: № 120
A34: 46238 | B34: yangi shot | C34: Транзитный счет для разовых платежей 200542744 | D34: 9468067 | E34: 06 | F34: 01048 | G34: 1000000 | H34: 0065511.07.2026 №26/27 SH/A 52 ga asosan Xurramova Sabina (AC3081523) ning kontrakt tulovi uchun от ABDULLAYEV YULDOSH | I34: Xurramova Sabina | J34: 26/27 Sh/A 52
A35: 46245 | B35: yangi shot | C35: Транзитный счет для разовых платежей 200542744 | D35: 9716063 | E35: 06 | F35: 01048 | G35: 1700000 | H35: 0066727.08/2026 йил №108 шартномага асосан Холмахматова Севинчнинг контракт тулови от XOLMAXMATOVA SEVINCH | I35: Xolmaxmatova Sevinch | J35: № 108
A36: 46245 | B36: yangi shot | C36: Транзитный счет для разовых платежей 200542744 | D36: 9708075 | E36: 06 | F36: 01048 | G36: 1700000 | H36: 0066724.07.2026 йил №2627 Sh/A93 шартномага асосан 1-курс талабаси Зарифова Маржона Самижон кизининг укиши учун тулов от ZARIFOVA MARJONA | I36: Zarifova Marjona Samijon qizi | J36: 26/27 Sh/A 93
... A41: 46246 | B41: yangi shot | C41: Транзитный счет для разовых платежей 200542744 | D41: 9740654 | E41: 06 | F41: 01048 | G41: 1700000 | H41: 0066727.07.2026йил №106 шартномага асосан Нумонова Жасмина(АЕ1748671)нинг контракт тулови от ТУРАЕВ БАХОДИР | I41: Numonova Jasmina | J41: № 106
A42: 46247 | B42: yangi shot | C42: Жисмоний шахслардан бир марталик туловлар бош?а бан200547792 | D42: 0069925323 | E42: 06 | F42: 00433 | G42: 1700000 | H42: 00111Суюнова Мафтуна Акбар кизи 1-курс талабаси кантракт тулови | I42: Suyunova Maftuna Akbar qizi
A43: 46248 | B43: yangi shot | C43: Транзитный счет для разовых платежей 200542744 | D43: 9791292 | E43: 06 | F43: 01048 | G43: 1000000 | H43: 00655Худойназарова Озода Илхом кизи шартнома №26/27 sh/А184 14,08,2026 га асосан укиш учун тулов от Худойназарова Озода | I43: Xudoynazarova Ozoda Ilxom qizi | J43: 26/27 Sh/A 184
A44: 46248 | B44: yangi shot | C44: Т/счет для спис с ПК физлиц по другим платежам (70 200542744 | D44: 9791076 | E44: 06 | F44: 01048 | G44: 1000000 | H44: 00655Худойназарова Озода Илхом кизи шартнома №26/27 sh/А184 14,08,2026 га асосан укиш учун тулов. от MUMINOV XUDAYNAZAR | I44: Xudoynazarova Ozoda Ilxom qizi | J44: 26/27 Sh/A 184
A45: 46248 | B45: yangi shot | C45: Транзитный счет для разовых платежей 200542744 | D45: 9786388 | E45: 06 | F45: 01048 | G45: 1700000 | H45: 0066705,07,2026 йил шартнолма № 97 га асосан Гайратова Жасмина Шерали кизини укиш контракт тулови от Гайратова Жасмина | I45: Gayratova Jasmina Sherali qizi | J45: № 97
A46: 46248 | B46: yangi shot | C46: Транзитный счет для разовых платежей 200542744 | D46: 9785624 | E46: 06 | F46: 01048 | G46: 1700000 | H46: 0066724.07.2026 YILDAGI № 26/27 SH/A 94 SONLI SHARNOMAGA ASOSAN 1-KURS (AD9664280) ISLOMOVA NILUFAR ABDUXAFIZ QIZINING KANTRAK TULOVI от ISLOMOVA NILUFAR ABDUXAFIZ QIZI | I46: Islomova Nilufar Abduxafiz qizi | J46: 26/27 Sh/A 94
A47: 46248 | B47: yangi shot | C47: Транзитный счет для разовых платежей 200542744 | D47: 9789257 | E47: 06 | F47: 01048 | G47: 1200000 | H47: 0066704.08.2026й №26/27 Sh/A140 сонли шартномага асосан Абдиева сабинанинг контракт тулови от HAYITOVA GUZAL | I47: Abdieva Sabina | J47: 26/27 Sh/A 140
A48: 46251 | B48: yangi shot | C48: Чакана амалиётлар кассаси БХМ "Ок Сарой" 200542744 | D48: 9838372 | E48: 93 | F48: 01048 | G48: 1200000 | H48: 001410,08,2026 йил шартнома № 163 га асосан Муминова Севинч Учкун кизини укиш контракт тулови от Муминова Севинч | I48: Muminova Sevinch Uchkun qizi | J48: № 163
A49: 46251 | B49: yangi shot | C49: Транзитный счет для разовых платежей 200542744 | D49: 9837474 | E49: 06 | F49: 01048 | G49: 1700000 | H49: 0066724.07.2026 йилдаги №26/27 SH/A95-сонли шартномага асосан Жалилова Жасминанинг контракт тулови учун от Зохидова Садокат | I49: Jalilova Jasmina | J49: 26/27 Sh/A 95
A50: 46252 | B50: yangi shot | C50: Чакана амалиётлар кассаси БХМ "Ок Сарой" 200542744 | D50: 9870522 | E50: 93 | F50: 01048 | G50: 1700000 | H50: 001411,08,2026 йил шартнома № 172 га асосан Шукурова Зилола Фарход кизини укиш контракт тулови от Шукурова Зилола | I50: Shukurova Zilola Farxod qizi | J50: № 172
A51: 46252 | B51: yangi shot | C51: Чакана амалиётлар кассаси БХМ "Ок Сарой" 200542744 | D51: 9877142 | E51: 93 | F51: 01048 | G51: 1700000 | H51: 001414.08.2026 йил шартнома № 182 га асосан Арзикулова Амина Салохиддин кизини укиш контракт тулови от Арзикулова Амина | I51: Arzikulova Amina Saloxiddin qizi | J51: № 182
A52: 46253 | B52: yangi shot | C52: Транзитный счет для разовых платежей 200542744 | D52: 9907339 | E52: 06 | F52: 01048 | G52: 1275000 | H52: 0065523,07,2026 йилдаги №26/27 Sh/A 90 шартномага асосан PARDAQULOVA FARZONA (AE1396598)нинг контракт тулови от Ачилова Гулзода | I52: Pardaqulova Farzona | J52: 26/27 Sh/A 90
A53: 46253 | B53: yangi shot | C53: Транзитный счет для разовых платежей 200542744 | D53: 9911203 | E53: 06 | F53: 01048 | G53: 1700000 | H53: 0066707082026 йил Файзуллаева Сарвиноз Шербобо кизи укиш шартнома тулови утказилди (AD 1189588) от ШЕРАЛИЕВА ДИЛОРОМ | I53: 026 Yil Fayzullaeva Sarvinoz Sherbobo qizi
A54: 46254 | B54: yangi shot | C54: Транзитный счет для разовых платежей 200542744 | D54: 9932421 | E54: 06 | F54: 01048 | G54: 2125000 | H54: 0065523.07.2026 йилдаги №26/27 SH/A 89 сонли шартномага асосан контракт тулови учун утказилди от Шогдорова Маржона | I54: Shogdorova Marjona | J54: 26/27 Sh/A 89
A55: 46254 | B55: yangi shot | C55: Т/счет для спис с ПК физлиц по другим платежам (70 200542744 | D55: 9939587 | E55: 06 | F55: 01048 | G55: 1700000 | H55: 0065508.08.2026й Шартнома№26/27 SH/A 158 га асосан RAJABOVA UMIDA RAJABALI QIZIнинг 1-курс 50910203-Хамширалик иши учун контракт тулови утказилди от RAJABOVA UMIDA | I55: Rajabova Umida Rajabali qizi | J55: 26/27 Sh/A 158
A56: 46254 | B56: yangi shot | C56: Транзитный счет для разовых платежей 200542744 | D56: 9929503 | E56: 06 | F56: 01048 | G56: 2000000 | H56: 0066718.08.2026 йилдаги №26/27 SH/A 199-сонли шартномага асосан Маннонова Шахризода Носир кизининг контракт тулови учун от Рузиева Машхура | I56: Mannonova Shaxrizoda Nosir qizi | J56: 26/27 Sh/A 199
A57: 46255 | B57: yangi shot | C57: Транзитный счет для разовых платежей 200542744 | D57: 9965529 | E57: 06 | F57: 01048 | G57: 1000000 | H57: 0066711.08.2026й №26/27 Sh/A174 сонли шартномага асосан ESHIMOVA ZILOLA нинг контракт тулови от ESHIMOVA ZILOLA | I57: Eshimova Zilola | J57: 26/27 Sh/A 174
A58: 46255 | B58: yangi shot | C58: Транзитный счет для разовых платежей 200542744 | D58: 9964143 | E58: 06 | F58: 01048 | G58: 1300000 | H58: 006674082026 йил №138 шартномага асосан XOLMURODOVA SABINA AZAM QIZI укиш тулови утказилди от ХОЛМУРОДОВА САБИНА | I58: 26 Yil Xolmurodova Sabina Azam qizi | J58: № 138
A59: 46255 | B59: yangi shot | C59: Транзитный счет для разовых платежей 200542744 | D59: 9977609 | E59: 06 | F59: 01048 | G59: 1000000 | H59: 0066717.08.2026 йид №176 шартномага асосан Мухторова Хадича Зухриддин Кизи(АЕ2428256)нинг контракт тулови от МУХТОРОВА ХАДИЧА | I59: Muxtorova Xadicha Zuxriddin qizi | J59: № 176
A60: 46258 | B60: yangi shot | C60: Транзитный счет для разовых платежей 200542744 | D60: 10025332 | E60: 06 | F60: 01048 | G60: 2000000 | H60: 0066724.08.2026й №26/27 Sh/A224 сонли шартномага асосан Аширова Гулсанамнинг контракт тулови утказилди от ESHBOYEVA DILOROM | I60: Ashirova Gulsanam | J60: 26/27 Sh/A 224
A61: 46258 | B61: yangi shot | C61: Транзитный счет для разовых платежей 200542744 | D61: 10012823 | E61: 06 | F61: 01048 | G61: 1780000 | H61: 0065510,08,2026й №26/27 Sh/A 167 шартномага асосан MURODOVA MUNISA MUXTOR QIZI(AE2895049)нинг контракт тулови от MURODOVA MUNISA | I61: Murodova Munisa Muxtor qizi | J61: 26/27 Sh/A 167
A62: 46258 | B62: yangi shot | C62: Транзитный счет для разовых платежей 200542744 | D62: 10012931 | E62: 06 | F62: 01048 | G62: 1700000 | H62: 0066717.08.2026 YILDAGI № 26/27 SH/A188 SONLI SHARNOMAGA ASOSAN 1-KURS (AE4384190) USMANOVA SABRINA BATIYOR QIZINING KANTRAK TULOVI от ATTAROVA NARGIZA GOLIBOVNA | I62: Usmanova Sabrina Batiyor qizi | J62: 26/27 Sh/A 188
A63: 46258 | B63: yangi shot | C63: Транзитный счет для разовых платежей 200542744 | D63: 10009073 | E63: 06 | F63: 01048 | G63: 1700000 | H63: 0066710.08.20256YILDAGI № 26/27 SH/A162 SONLI SHARNOMAGA ASOSAN 1-KURS (AD7767171) SHUKRIYEVA NARIYE REDVANOVNANING KANTRAK TULOVI от SHUKRIYEVA NARIYE REDVANOVNA | I63: Shukriyeva Nariye Redvanovna | J63: 26/27 Sh/A 162
A64: 46259 | B64: yangi shot | C64: Чакана амалиётлар кассаси БХМ "Ок Сарой" 200542744 | D64: 10043436 | E64: 93 | F64: 01048 | G64: 1700000 | H64: 001410,08 2026 йил шартнома № 167 га асосан Хазратова Фарзона Тошкан кизини укиш контракт тулови от Хазратова Фарзона | I64: Xazratova Farzona Toshkan qizi | J64: № 167
A65: 46259 | B65: yangi shot | C65: RESPUBLIKA INKASSATSIYA XIZMATI MCHJ Shaxrisabz t. 201052396 | D65: 7 | E65: 21 | F65: 00019 | G65: 1700000 | H65: 00615~Шартнома №2026 26/27 Sh /A 202 Жабборова Бахорой Шукрулло кизининг кантракт тулови AE 4255446 Топширувчи шахс: Жабборова Бахорой | I65: Jabborova Baxoroy Shukrullo qizi | J65: 26/27 Sh/A 202
... A74: 46267 | B74: yangi shot | C74: Жисмоний шахслардан накд пул оркали кабул килинган 200836354 | D74: 40165693 | E74: 21 | F74: 00450 | G74: 2000000 | H74: 00111NU'MONOVA SAIDABONU ULUGBEK QIZI 4.07.2026 YIL 26/27 SH/A 38-SONLI SHARTNOMAGA ASOSAN KONTRAKT TULOV | I74: Nu'monova Saidabonu Ulugbek qizi | J74: 26/27 Sh/A 38
A75: 46267 | B75: yangi shot | C75: Транзитный счет для разовых платежей 200542744 | D75: 10221310 | E75: 06 | F75: 01048 | G75: 1000000 | H75: 0066720.07.2026 йилдаги шартномага асосан контракт тулови учун утказилди от Арзикулова Лайло Баходир кизи | I75: Arzikulova Laylo Baxodir qizi
A76: 46267 | B76: yangi shot | C76: Транзитный счет для разовых платежей 200542744 | D76: 10221727 | E76: 06 | F76: 01048 | G76: 700000 | H76: 0065520.07.2026 йилдаги шартномага асосан контракт тулови учун утказилди от Арзикулова Лайло Баходир кизи | I76: Arzikulova Laylo Baxodir qizi
A77: 46268 | B77: yangi shot | C77: Транзитный счет для разовых платежей 200542744 | D77: 10240996 | E77: 06 | F77: 01048 | G77: 1700000 | H77: 0065517,08,2026йилдаги №26/27 Sh/A 105 шартномага асосан Пардаева Фарангиз Норали кизи(AE 5643897)нинг контракт тулови от Омонова Муниса | I77: Pardaeva Farangiz Norali qizi | J77: 26/27 Sh/A 105
A78: 46268 | B78: yangi shot | C78: Транзитный счет для разовых платежей 200542744 | D78: 10243131 | E78: 06 | F78: 01048 | G78: 1700000 | H78: 0066721.07.2026 YILDAGI № 26/27 SH/A81 SONLI SHARNOMAGA ASOSAN 1-KURS (AE1836076) SAMADOVA NIGORA ABDISAMIYEVNANING KANTRAK TULOVI от SAMADOVA NIGORA ABDISAMIYEVNA | I78: Samadova Nigora Abdisamiyevna | J78: 26/27 Sh/A 81
A79: 46268 | B79: yangi shot | C79: Транзитный счет для разовых платежей 200542744 | D79: 10249865 | E79: 06 | F79: 01048 | G79: 1700000 | H79: 0066703.09.2026йил №262 шартномага асосан Жалолова Райхона (АЕ3492384)нинг контракт тулови от RUZIYEVA GULZODA | I79: Jalolova Rayxona | J79: № 262
A80: 46268 | B80: yangi shot | C80: Транзитный счет для разовых платежей 200542744 | D80: 10241628 | E80: 06 | F80: 01048 | G80: 2000000 | H80: 0065503.09.2026й Шартнома№26/27 sh/a 258 га асосан талаба AXMEDOVA SAODAT нинг контракт тулови утказилди от AXMEDOVA SAODAT | I80: Axmedova Saodat | J80: 26/27 Sh/A 258
A81: 46269 | B81: yangi shot | C81: Т/счет для спис с ПК физлиц по другим платежам (70 200542744 | D81: 10289121 | E81: 06 | F81: 01048 | G81: 7225000 | H81: 0065523.07.2026й Шартнома№26/27 sh/a 90 га асосан талаба PARDAQULOVA FARZONA нинг 40910203-Хамширалик иши учун контракт тулови утказилди от TURGUNOVA JASMINA | I81: Pardaqulova Farzona | J81: 26/27 Sh/A 90
A82: 46269 | B82: yangi shot | C82: Транзитный счет для разовых платежей 200542744 | D82: 10289458 | E82: 06 | F82: 01048 | G82: 4000000 | H82: 0066702.09.2026 YILDAGI № 255 SONLI SHARTNOMAGA ASOSAN XOLBOYEV OG'ABEK YUNUS O'G'LINING KONTRAKT TO'LOVI O'TKAZILDI (AC2000370)Банка «Ипак Йули»(10111) QARSHI TIBBIYOT TEXNIKUMI NTM от XOLBOYEV OGABEK | I82: Xolboyev Og'abek Yunus o'g'li | J82: № 255
A83: 46269 | B83: yangi shot | C83: Транзитный счет для разовых платежей 200542744 | D83: 10290166 | E83: 06 | F83: 01048 | G83: 1700000 | H83: 0066731.07.2025 YILDAGI № 26/27 SH/A118 SONLI SHARNOMAGA ASOSAN 1-KURS (AE1419035) YO`LDOSHEVA RUHSHONA XABIBULLO QIZINING KANTRAK TULOVI от YO`LDOSHEVA RUHSHONA XABIBULLO QIZI | I83: Yo'ldosheva Ruhshona Xabibullo qizi | J83: 26/27 Sh/A 118
A84: 46272 | B84: yangi shot | C84: Транзитный счет для разовых платежей 200542744 | D84: 10355609 | E84: 06 | F84: 01048 | G84: 1500000 | H84: 00655MAXMASHOXOVA FERUZA BEKMUROD QIZI SHARYTNOMA №26/27 SH/А 101 27,07,2026 yilga asosan o'qish uchun to'lov. от MAXMASHOXOVA FERUZA | I84: Maxmashoxova Feruza Bekmurod qizi | J84: 26/27 Sh/A 101
A85: 46272 | B85: yangi shot | C85: Транзитный счет для разовых платежей 200542744 | D85: 10337217 | E85: 06 | F85: 01048 | G85: 1300000 | H85: 0065522.08.2026 №26/27 SH/A 212 shartnomaga asosan Narziyeva Intizor Iskandar qizi(AB5359926) ning kontrakt tulovi uchun от ALLAYOROVA DILFUZA | I85: Narziyeva Intizor Iskandar qizi | J85: 26/27 Sh/A 212
A86: 46272 | B86: yangi shot | C86: Транзитный счет для разовых платежей 200542744 | D86: 10336361 | E86: 06 | F86: 01048 | G86: 2200000 | H86: 0065507.09.2026й ШАртнома№26/27 sh/a277 га асосан талаба NAZIROVA SARVARA XAYITMUROD QIZIнинг (пинфл 62907075630023 AD 9509287) контракт тулови утказилди от XOLYAROV HAYITMUTAT | I86: Nazirova Sarvara Xayitmurod qizi | J86: 26/27 Sh/A 277
A87: 46273 | B87: yangi shot | C87: Чакана амалиётлар кассаси БХМ "Ок Сарой" 200542744 | D87: 10371920 | E87: 93 | F87: 01048 | G87: 1700000 | H87: 001404.08.2026 йил шартнома № 139 га асосан Лухмонова Нозима Илхом кизини укиш контракт тулови от Лухмонова Нозима | I87: Luxmonova Nozima Ilxom qizi | J87: № 139
A88: 46273 | B88: yangi shot | C88: Чакана амалиётлар кассаси БХМ "Ок Сарой" 200542744 | D88: 10385035 | E88: 93 | F88: 01048 | G88: 1000000 | H88: 0014шартномага асосан Чориева Захро Хайрулло кизини укиш контракт тулови от Чориева Захро | I88: Chorieva Zaxro Xayrullo qizi
A89: 46273 | B89: yangi shot | C89: Чакана амалиётлар кассаси БХМ "Ок Сарой" 200542744 | D89: 10384672 | E89: 93 | F89: 01048 | G89: 1700000 | H89: 001428,08,2026 йил шартнома № 242 га асосан Куйсинова Рухшона Тулкин кизини укиш контракт тулови от Куйсинова Рухшона | I89: Kuysinova Ruxshona Tulkin qizi | J89: № 242
A90: 46273 | B90: yangi shot | C90: Чакана амалиётлар кассаси БХМ "Ок Сарой" 200542744 | D90: 10372375 | E90: 93 | F90: 01048 | G90: 2000000 | H90: 001418.03.2026 йил №25/26 Sh/A365 шартномага асосан контракт тулов от Sunnatullayeva Ezoza | I90: Sunnatullayeva Ezoza | J90: 25/26 Sh/A 365
A91: 46273 | B91: yangi shot | C91: Чакана амалиётлар кассаси ЭЦ Янги Кеш 200542744 | D91: 10382992 | E91: 93 | F91: 01048 | G91: 1700000 | H91: 003127.08.2026 йил №26/27 Sh/A 236 шартномага асосан Гайбуллаева Рухсора Хусниддин кизининг укиши учун тулов от GAYBULLAYEVA RUXSORA | I91: Gaybullaeva Ruxsora Xusniddin qizi | J91: 26/27 Sh/A 236
A92: 46274 | B92: yangi shot | C92: Чакана амалиётлар кассаси БХМ "Ок Сарой" 200542744 | D92: 10410086 | E92: 93 | F92: 01048 | G92: 1000000 | H92: 001410.08.2026 йил шартнома № 166 га асосан Хасанова Дилнура Эсон кизини укиш контракт тулови от Хасанова Дилнура | I92: Xasanova Dilnura Eson qizi | J92: № 166
A93: 46274 | B93: yangi shot | C93: Чакана амалиётлар кассаси БХМ "Ок Сарой" 200542744 | D93: 10416297 | E93: 93 | F93: 01048 | G93: 1700000 | H93: 001418.08.2026 йил шартнома № 196 га асосан Хусанова Азиза Фазлиддин кизини укиш контракт тулови от Хусанова Азиза | I93: Xusanova Aziza Fazliddin qizi | J93: № 196
A94: 46274 | B94: yangi shot | C94: Транзитный счет для разовых платежей 200542744 | D94: 10422109 | E94: 06 | F94: 01048 | G94: 1180000 | H94: 0066728.08.2026 YILDAGI № 26/27 SH/A239 SONLI SHARNOMAGA ASOSAN 1-KURS (AE6702868) BERDIQULOVA GULSHAN RUSTAM QIZINING KANTRAK TULOVI от BERDIQULOVA GULSHAN RUSTAM QIZI | I94: Berdiqulova Gulshan Rustam qizi | J94: 26/27 Sh/A 239
A95: 46274 | B95: yangi shot | C95: Транзитный счет для разовых платежей 200542744 | D95: 10414605 | E95: 06 | F95: 01048 | G95: 1700000 | H95: 0066728.07.2026 ЙИЛДАГИ №26/27SH/A110 СОНЛИ ШАРТНОМАГА АСОСАН ESHMURODOVA CHAROS НИ УКИШИ УЧУН УТКАЗИЛДИ от ESHMURODOVA CHAROS | I95: Eshmurodova Charos | J95: 26/27 Sh/A 110
A96: 46274 | B96: yangi shot | C96: Жисмоний шахслардан бир марталик туловлар бош?а бан200547792 | D96: 0070431892 | E96: 06 | F96: 00433 | G96: 1252000 | H96: 00111Meyliqulova Hilola Farhod qizining 15.07.2026y №26/27 Sh/A60 sonli shart as kontrakt to`lovi | I96: Meyliqulova Hilola Farhod qizi | J96: 26/27 Sh/A 60
A97: 46274 | B97: yangi shot | C97: Транзитный счет для разовых платежей 200542744 | D97: 10404344 | E97: 06 | F97: 01048 | G97: 1700000 | H97: 00655Эшназарова Дилнозанинг шартнома учун тулов. от Эшназарова дилноза | I97: Eshnazarova Dilnoza
A98: 46274 | B98: yangi shot | C98: Транзитный счет для разовых платежей 200542744 | D98: 10404556 | E98: 06 | F98: 01048 | G98: 1800000 | H98: 0065507.09.2026 йилдаги №26/27 SH/A 274 сонли шартномага асосан контракт тулови учун утказилди от Абдихалилова Шахзода Баходир кизи | I98: Abdixalilova Shaxzoda Baxodir qizi | J98: 26/27 Sh/A 274
A99: 46275 | B99: yangi shot | C99: Транзитный счет для разовых платежей 200542744 | D99: 10430320 | E99: 06 | F99: 01048 | G99: 2000000 | H99: 006552026-йил 17-августдаги Шартнома №26/27 Sh/Aга асосан 1-курс талабаси Hasanova Marjona Xolmurod qizi(AE5685784)нинг укиш тулови учун утказилди от Abdiyev Xolmurod | I99: Yil 17 Avgustdagi Hasanova Marjona Xolmurod qizi | J99: № 26
A100: 46275 | B100: yangi shot | C100: Транзитный счет для разовых платежей 200542744 | D100: 10439853 | E100: 06 | F100: 01048 | G100: 1700000 | H100: 0065520.08.2026 й.даги SHARTNOMA №26/27 Sh/A 203 га асосан 1-курс талабаси ABDURAHMONOVA PARVINA ALISHER QIZI(AE2261219)нинг укиш тулови учун от SHARIPOVA DILDORA | I100: Abdurahmonova Parvina Alisher qizi | J100: 26/27 Sh/A 203
A101: 46275 | B101: yangi shot | C101: Транзитный счет для разовых платежей 200542744 | D101: 10441440 | E101: 06 | F101: 01048 | G101: 3525000 | H101: 0065525,08,2026йилдаги №26/27 Sh/A 229 шартномага асосан AZAMATOVA CHAROS ABDUAZIZ QIZI(AE1520971)нинг контракт тулови от Бобоёрова Марзия | I101: Azamatova Charos Abduaziz qizi | J101: 26/27 Sh/A 229
A102: 46275 | B102: yangi shot | C102: Т/счет для спис с ПК физлиц по другим платежам (70 200542744 | D102: 10450183 | E102: 06 | F102: 01048 | G102: 1700000 | H102: 00655МЕЙЛИЕВА УМИДА ШАРТНОМА №26/27 SH/А 07.09.2026 йилга асосан укиш учун тулов. от MEYLIYEVA UMIDA | I102: Meylieva Umida | J102: № 26
A103: 46275 | B103: yangi shot | C103: Т/счет для спис с ПК физлиц по другим платежам (70 200542744 | D103: 10432735 | E103: 06 | F103: 01048 | G103: 1250000 | H103: 0065525.08.2026 № 26/27 SH/A ga asosan OMONOVA CHAROS ORIF QIZI(JSHSHIR:40306985590014) ning kontrakt tulovi uchun от INATOV NODIR | I103: Omonova Charos Orif qizi
A104: 46276 | B104: yangi shot | C104: Транзитный счет для разовых платежей 200542744 | D104: 10480817 | E104: 06 | F104: 01048 | G104: 2000000 | H104: 0066707.09.2026й.даги Шартнома №26/27 Sh/A 277га асосан 1-курс талабаси Махмудова Гулсанам Негмат кизи(AE1695093)нинг контракт тулови учун от Холкараева Шарофат | I104: Maxmudova Gulsanam Negmat qizi | J104: 26/27 Sh/A 277
A105: 46276 | B105: yangi shot | C105: Транзитный счет для разовых платежей 200542744 | D105: 10484451 | E105: 06 | F105: 01048 | G105: 1500000 | H105: 0066710.08.2026й.даги Шартнома№26/27 Sh/A 161 га асосан 1-курс талабаси Тухтаева Дурдона Назим кизи(AC5199773)нинг укиш тулови учун от Гофурова Шахзода | I105: Tuxtaeva Durdona Nazim qizi | J105: 26/27 Sh/A 161
A106: 46276 | B106: yangi shot | C106: Бир марталик туловлар бошка банкларга 1% 200547792 | D106: 0070478173 | E106: 06 | F106: 00433 | G106: 1700000 | H106: 00995Hamroqulova F 1-kurs Hamroqulova Farzonaning kontrakt to`lovi RRN (625409146200) | I106: Hamroqulova Farzona
A107: 46279 | B107: yangi shot | C107: Чакана амалиётлар кассаси БХМ "Ок Сарой" 200542744 | D107: 10521755 | E107: 93 | F107: 01048 | G107: 1700000 | H107: 001408,09,2026 йил шартнома № 292 га асосан Ибодуллаева Асилзода Латиф кизини укиш контракт тулови от Сайипов Латиф | I107: Ibodullaeva Asilzoda Latif qizi | J107: № 292
A108: 46279 | B108: yangi shot | C108: Чакана амалиётлар кассаси ЭЦ Янги Кеш 200542744 | D108: 10532268 | E108: 93 | F108: 01048 | G108: 1275000 | H108: 001423.06.2026 йил №26/27 Sh/A шартномага асосан 1-курс талабаси Мажидова Намуна Шункор кизининг укиши учун тулов от МАЖИДОВА НАМУНА | I108: Majidova Namuna Shunkor qizi
A109: 46279 | B109: yangi shot | C109: Транзитный счет для разовых платежей 200542744 | D109: 10525112 | E109: 06 | F109: 01048 | G109: 1000000 | H109: 0065510.06.2026й. Шартнома №26/27 Sh/A 390 га асосан 1-курс талабаси Махмудмуродова Севара (AE2103843)нинг укиш тулови учун от САНАЕВА ХУРСАН | I109: Maxmudmurodova Sevara | J109: 26/27 Sh/A 390
A110: 46279 | B110: yangi shot | C110: Жисмоний шахслардан бир марталик туловлар бош?а бан200547792 | D110: 0070500197 | E110: 06 | F110: 00433 | G110: 1248000 | H110: 001111-kurs Zayidova Shaboda Sodiqovnaning AE5856503 04.06.2026y №26/27 Sh/A387 shart as kontrakt to`lovi | I110: Zayidova Shaboda Sodiqovna | J110: 26/27 Sh/A 387
A111: 46279 | B111: yangi shot | C111: Naqd pul mablag`i bo`yicha jismoniy shaxslarning ma203556638 | D111: 0006823323 | E111: 06 | F111: 00973 | G111: 1200000 | H111: 00099Муродуллаев Азизбек Одилжон угли томонидан Шартномага асосан контракт тулови. | I111: Murodullaev Azizbek Odiljon o'g'li
A112: 46279 | B112: yangi shot | C112: SQB Mobile ilovasi orqali xisob raqamlarga o'kazma 200833707 | D112: 787439 | E112: 21 | F112: 00440 | G112: 1700000 | H112: 00667 Saidova Dilsozni kontrakt tulovi uchun | I112: Saidova Dilsoz
...

Sheet не трогать
C1: =TODAY()
B2: Talabalar soni | C2: =SUM(#REF!)
B3: Guruhlar soni | C3: =COUNT(#REF!)
B4: Umumiy tushum | C4: =SUM(#REF!)
B5: Umumiy qarzdorlik | C5: =SUM(#REF!)
B6: Shartnoma qiymati | C6: =SUM(#REF!)
B18: Guruhlar | C18: Umumiy tushum | D18: Umumiy shartnoma qiymati | E18: Fozida
B19: 101 | C19: =#REF! | D19: =#REF! | E19: =C19/D19 | F19: =IF(E19>99%,"✔","☹")
B20: 102 | C20: =#REF! | D20: =#REF! | E20: =C20/D20 | F20: =IF(E20>99%,"✔","☹")
B21: 103 | C21: =#REF! | D21: =#REF! | E21: =C21/D21 | F21: =IF(E21>99%,"✔","☹")
B22: 104 | C22: =#REF! | D22: =#REF! | E22: =C22/D22 | F22: =IF(E22>99%,"✔","☹")
B23: 105 | C23: =#REF! | D23: =#REF! | E23: =C23/D23 | F23: =IF(E23>99%,"✔","☹")
B24: 106 | C24: =#REF! | D24: =#REF! | E24: =C24/D24 | F24: =IF(E24>99%,"✔","☹")
B25: 107 | C25: =#REF! | D25: =#REF! | E25: =C25/D25 | F25: =IF(E25>99%,"✔","☹")
B26: 108 | C26: =#REF! | D26: =#REF! | E26: =C26/D26 | F26: =IF(E26>99%,"✔","☹")
B27: 113 | C27: =#REF! | D27: =#REF! | E27: =C27/D27 | F27: =IF(E27>99%,"✔","☹")
B28: 114 | C28: =#REF! | D28: =#REF! | E28: =C28/D28 | F28: =IF(E28>99%,"✔","☹")
B29: 115 | C29: =#REF! | D29: =#REF! | E29: =C29/D29 | F29: =IF(E29>99%,"✔","☹")
B30: 116 | C30: =#REF! | D30: =#REF! | E30: =C30/D30 | F30: =IF(E30>99%,"✔","☹")
... B35: 205 | C35: =#REF! | D35: =#REF! | E35: =C35/D35 | F35: =IF(E35>99%,"✔","☹")
C36: =#REF! | D36: =#REF! | E36: =C36/D36 | F36: =IF(E36>99%,"✔","-")
C37: =#REF! | D37: =#REF! | E37: =C37/D37 | F37: =IF(E37>99%,"✔","-")
C38: =#REF! | D38: =#REF! | E38: =C38/D38 | F38: =IF(E38>99%,"✔","-")
C39: =#REF! | D39: =#REF! | E39: =C39/D39 | F39: =IF(E39>99%,"✔","-")
C40: =#REF! | D40: =#REF! | E40: =C40/D40 | F40: =IF(E40>99%,"✔","-")
C41: =#REF! | D41: =#REF! | E41: =C41/D41 | F41: =IF(E41>99%,"✔","-")
C42: =#REF! | D42: =#REF! | E42: =C42/D42 | F42: =IF(E42>99%,"✔","-")
C43: =#REF! | D43: =#REF! | E43: =C43/D43 | F43: =IF(E43>99%,"✔","-")
C44: =#REF! | D44: =#REF! | E44: =C44/D44 | F44: =IF(E44>99%,"✔","-")
C45: =#REF! | D45: =#REF! | E45: =C45/D45 | F45: =IF(E45>99%,"✔","-")
C46: =#REF! | D46: =#REF! | E46: =C46/D46 | F46: =IF(E46>99%,"✔","-")
C47: =#REF! | D47: =#REF! | E47: =C47/D47 | F47: =IF(E47>99%,"✔","-")
... C57: =#REF! | D57: =#REF! | E57: =C57/D57 | F57: =IF(E57>99%,"✔","-")

Sheet KETGAN
A1: ABDURAXMONOVA UMIDA ABDISAMAT QIZI | B1: 114 | C1: 8500000 | D1: 0 | E1: =SUMIFS(bank!$G:$G,bank!$I:$I,$A1,bank!$J:$J,1) | F1: =SUMIFS(bank!$G:$G,bank!$I:$I,$A1,bank!$J:$J,2) | G1: =#REF!-#REF! | H1: =#REF!-#REF!
A2: Alisherova Aziza Alisher qizi | B2: 108 | C2: 0 | D2: 8500000 | E2: =SUMIFS(bank!$G:$G,bank!$I:$I,$A2,bank!$J:$J,1) | F2: =SUMIFS(bank!$G:$G,bank!$I:$I,$A2,bank!$J:$J,2) | G2: =#REF!-#REF! | H2: =#REF!-#REF!
A3: Arzillayeva Dilorom Bahodir qizi | B3: 116 | C3: 8500000 | D3: 8500000 | E3: =SUMIFS(bank!$G:$G,bank!$I:$I,$A3,bank!$J:$J,1) | F3: =SUMIFS(bank!$G:$G,bank!$I:$I,$A3,bank!$J:$J,2) | G3: =#REF!-#REF! | H3: =#REF!-#REF!
A4: Axmatova Muxlisa Asror qizi | B4: 114 | C4: 0 | D4: 8500000 | E4: =SUMIFS(bank!$G:$G,bank!$I:$I,$A4,bank!$J:$J,1) | F4: =SUMIFS(bank!$G:$G,bank!$I:$I,$A4,bank!$J:$J,2) | G4: =#REF!-#REF! | H4: =#REF!-#REF!
A5: Azizova Sevinchoy Shuxrat qizi | B5: 108 | C5: 0 | D5: 8500000 | E5: =SUMIFS(bank!$G:$G,bank!$I:$I,$A5,bank!$J:$J,1) | F5: =SUMIFS(bank!$G:$G,bank!$I:$I,$A5,bank!$J:$J,2) | G5: =#REF!-#REF! | H5: =#REF!-#REF!
A6: Baratova Sabrina Aktam qizi | B6: 108 | C6: 0 | D6: 10750000 | E6: =SUMIFS(bank!$G:$G,bank!$I:$I,$A6,bank!$J:$J,1) | F6: =SUMIFS(bank!$G:$G,bank!$I:$I,$A6,bank!$J:$J,2) | G6: =#REF!-#REF! | H6: =#REF!-#REF!
A7: BERDIYEVA GULCHEHRA ALISHEROVNA | B7: 116 | C7: 8500000 | D7: 0 | E7: =SUMIFS(bank!$G:$G,bank!$I:$I,$A7,bank!$J:$J,1) | F7: =SUMIFS(bank!$G:$G,bank!$I:$I,$A7,bank!$J:$J,2) | G7: =#REF!-#REF! | H7: =#REF!-#REF!
A8: Bozorov Shahzod Azamat o'g'li | B8: 102 | C8: 0 | D8: 8500000 | E8: =SUMIFS(bank!$G:$G,bank!$I:$I,$A8,bank!$J:$J,1) | F8: =SUMIFS(bank!$G:$G,bank!$I:$I,$A8,bank!$J:$J,2) | G8: =#REF!-#REF! | H8: =#REF!-#REF!
A9: HASANOVA MUQADDAS OLIM QIZI | B9: 114 | C9: 8500000 | D9: 0 | E9: =SUMIFS(bank!$G:$G,bank!$I:$I,$A9,bank!$J:$J,1) | F9: =SUMIFS(bank!$G:$G,bank!$I:$I,$A9,bank!$J:$J,2) | G9: =#REF!-#REF! | H9: =#REF!-#REF!
A10: Hazratova Umriniso Komil qizi | B10: 115 | C10: 8500000 | D10: 8500000 | E10: =SUMIFS(bank!$G:$G,bank!$I:$I,$A10,bank!$J:$J,1) | F10: =SUMIFS(bank!$G:$G,bank!$I:$I,$A10,bank!$J:$J,2) | G10: =#REF!-#REF! | H10: =#REF!-#REF!
A11: Inayotova Kumush Farhod qizi | B11: 203 | C11: 8500000 | D11: 0 | E11: =SUMIFS(bank!$G:$G,bank!$I:$I,$A11,bank!$J:$J,1) | F11: =SUMIFS(bank!$G:$G,bank!$I:$I,$A11,bank!$J:$J,2) | G11: =#REF!-#REF! | H11: =#REF!-#REF!
A12: JALILOVA ROXILA SHAMURZAYEVNA | B12: 115 | C12: 8500000 | D12: 0 | E12: =SUMIFS(bank!$G:$G,bank!$I:$I,$A12,bank!$J:$J,1) | F12: =SUMIFS(bank!$G:$G,bank!$I:$I,$A12,bank!$J:$J,2) | G12: =#REF!-#REF! | H12: =#REF!-#REF!
... A24: Yo'ldosheva Barno Zoir qizi | B24: 116 | C24: 0 | D24: 8500000 | E24: =SUMIFS(bank!$G:$G,bank!$I:$I,$A24,bank!$J:$J,1) | F24: =SUMIFS(bank!$G:$G,bank!$I:$I,$A24,bank!$J:$J,2) | G24: =#REF!-#REF! | H24: =#REF!-#REF!
A25: G'ulomova Sevinch Umurzoq qizi | B25: 103 | C25: 0 | D25: 8500000 | E25: =SUMIFS(bank!$G:$G,bank!$I:$I,$A25,bank!$J:$J,1) | F25: =SUMIFS(bank!$G:$G,bank!$I:$I,$A25,bank!$J:$J,2) | G25: =#REF!-#REF! | H25: =#REF!-#REF! | I25: +
A26: Nematjonova Marjona Tuychi qizi | B26: 103 | C26: 0 | D26: 8550000 | E26: =SUMIFS(bank!$G:$G,bank!$I:$I,$A26,bank!$J:$J,1) | F26: =SUMIFS(bank!$G:$G,bank!$I:$I,$A26,bank!$J:$J,2) | G26: =#REF!-#REF! | H26: =#REF!-#REF! | I26: +
A27: Ahmadova Sevinch Lazizjon qizi | B27: 108 | C27: 0 | D27: 8500000 | E27: =SUMIFS(bank!$G:$G,bank!$I:$I,$A27,bank!$J:$J,1) | F27: =SUMIFS(bank!$G:$G,bank!$I:$I,$A27,bank!$J:$J,2) | G27: =#REF!-#REF! | H27: =#REF!-#REF!
A28: Ubaydullayeva Zuhra Zokir qizi | B28: 108 | C28: 0 | D28: 8500000 | E28: =SUMIFS(bank!$G:$G,bank!$I:$I,$A28,bank!$J:$J,1) | F28: =SUMIFS(bank!$G:$G,bank!$I:$I,$A28,bank!$J:$J,2) | G28: =#REF!-#REF! | H28: =#REF!-#REF!

Sheet 1 chi kurs
A1: ABDUSAMATOVA LAYLO ISOMIDDIN QIZI | B1: 114 | C1: 8500000 | D1: 0 | E1: =SUMIFS(bank!$G:$G,bank!$I:$I,$A1,bank!$J:$J,1) | F1: =SUMIFS(bank!$G:$G,bank!$I:$I,$A1,bank!$J:$J,2) | G1: =#REF!-#REF! | H1: =#REF!-#REF!
A2: AVAZOVA LOBAR AXTAM QIZI | B2: 114 | C2: 8500000 | D2: 0 | E2: =SUMIFS(bank!$G:$G,bank!$I:$I,$A2,bank!$J:$J,1) | F2: =SUMIFS(bank!$G:$G,bank!$I:$I,$A2,bank!$J:$J,2) | G2: =#REF!-#REF! | H2: =#REF!-#REF!
A3: AHMADOVA ZEBO HOSHIM QIZI | B3: 114 | C3: 8500000 | D3: 0 | E3: =SUMIFS(bank!$G:$G,bank!$I:$I,$A3,bank!$J:$J,1) | F3: =SUMIFS(bank!$G:$G,bank!$I:$I,$A3,bank!$J:$J,2) | G3: =#REF!-#REF! | H3: =#REF!-#REF!
A4: BOYMUROTOVA MUXLISA SHERALI QIZI | B4: 114 | C4: 8500000 | D4: 0 | E4: =SUMIFS(bank!$G:$G,bank!$I:$I,$A4,bank!$J:$J,1) | F4: =SUMIFS(bank!$G:$G,bank!$I:$I,$A4,bank!$J:$J,2) | G4: =#REF!-#REF! | H4: =#REF!-#REF!
A5: CHO‘LLIYEVA SEVINCH AZAMJON QIZI | B5: 114 | C5: 8500000 | D5: 0 | E5: =SUMIFS(bank!$G:$G,bank!$I:$I,$A5,bank!$J:$J,1) | F5: =SUMIFS(bank!$G:$G,bank!$I:$I,$A5,bank!$J:$J,2) | G5: =#REF!-#REF! | H5: =#REF!-#REF!
A6: ESANOVA MADINA JALOL QIZI | B6: 114 | C6: 8500000 | D6: 0 | E6: =SUMIFS(bank!$G:$G,bank!$I:$I,$A6,bank!$J:$J,1) | F6: =SUMIFS(bank!$G:$G,bank!$I:$I,$A6,bank!$J:$J,2) | G6: =#REF!-#REF! | H6: =#REF!-#REF!
A7: FAXRIDDINOVA CHAROS XXX | B7: 114 | C7: 8500000 | D7: 0 | E7: =SUMIFS(bank!$G:$G,bank!$I:$I,$A7,bank!$J:$J,1) | F7: =SUMIFS(bank!$G:$G,bank!$I:$I,$A7,bank!$J:$J,2) | G7: =#REF!-#REF! | H7: =#REF!-#REF!
A8: G‘AYRATOVA RUHSHONA MAQSUD QIZI | B8: 114 | C8: 8500000 | D8: 0 | E8: =SUMIFS(bank!$G:$G,bank!$I:$I,$A8,bank!$J:$J,1) | F8: =SUMIFS(bank!$G:$G,bank!$I:$I,$A8,bank!$J:$J,2) | G8: =#REF!-#REF! | H8: =#REF!-#REF!
A9: JO‘RAQULOVA FERUZA AHMADJON QIZI | B9: 114 | C9: 8500000 | D9: 0 | E9: =SUMIFS(bank!$G:$G,bank!$I:$I,$A9,bank!$J:$J,1) | F9: =SUMIFS(bank!$G:$G,bank!$I:$I,$A9,bank!$J:$J,2) | G9: =#REF!-#REF! | H9: =#REF!-#REF!
A10: MINGALIYEVA UMIDA MARATOVNA | B10: 114 | C10: 8500000 | D10: 0 | E10: =SUMIFS(bank!$G:$G,bank!$I:$I,$A10,bank!$J:$J,1) | F10: =SUMIFS(bank!$G:$G,bank!$I:$I,$A10,bank!$J:$J,2) | G10: =#REF!-#REF! | H10: =#REF!-#REF!
A11: MIROVA FARIDA | B11: 114 | C11: 8500000 | D11: 0 | E11: =SUMIFS(bank!$G:$G,bank!$I:$I,$A11,bank!$J:$J,1) | F11: =SUMIFS(bank!$G:$G,bank!$I:$I,$A11,bank!$J:$J,2) | G11: =#REF!-#REF! | H11: =#REF!-#REF!
A12: NURMATOVA AZIZA RENATOVNA | B12: 114 | C12: 8500000 | D12: 0 | E12: =SUMIFS(bank!$G:$G,bank!$I:$I,$A12,bank!$J:$J,1) | F12: =SUMIFS(bank!$G:$G,bank!$I:$I,$A12,bank!$J:$J,2) | G12: =#REF!-#REF! | H12: =#REF!-#REF!
... A63: Norxo'jayeva Charos Boxodirovna | B63: 206 | C63: 8500000 | D63: 8500000 | E63: =SUMIFS(bank!$G:$G,bank!$I:$I,$A63,bank!$J:$J,1) | F63: =SUMIFS(bank!$G:$G,bank!$I:$I,$A63,bank!$J:$J,2) | G63: =#REF!-#REF! | H63: =#REF!-#REF!
