Workbook

Sheet Xulosa
A1: Shubhali ma'lumotlar tekshiruvi — hisobot
A2: Manba: talabalar_bazasi.json · Tekshiruv sanasi: 26.09.2026 · Rasmiy guruhlar: 26-01, 26-02, 26-03, 26-04, 26-05, 26-06
A4: Tekshirilgan talabalar | B4: 175
A5: Shubhali ma'lumoti bor talabalar | B5: =COUNTA('Talabalar kesimida'!$D$2:$D$41)
A6: Jami topilgan muammolar | B6: =COUNTA('Shubhali ma''lumotlar'!$A$2:$A$59)
A7: Bugun o'zgartirilgan maydonlar | B7: =COUNTA('Bugungi o''zgarishlar'!$A$2:$A$190)
A9: Daraja | B9: 26-01 | C9: 26-02 | D9: 26-03 | E9: 26-04 | F9: 26-05 | G9: 26-06 | H9: Jami
A10: Jiddiy | B10: =SUMPRODUCT(('Shubhali ma''lumotlar'!$B$2:$B$59=$A10)*('Shubhali ma''lumotlar'!$C$2:$C$59=B$9)) | C10: =SUMPRODUCT(('Shubhali ma''lumotlar'!$B$2:$B$59=$A10)*('Shubhali ma''lumotlar'!$C$2:$C$59=C$9)) | D10: =SUMPRODUCT(('Shubhali ma''lumotlar'!$B$2:$B$59=$A10)*('Shubhali ma''lumotlar'!$C$2:$C$59=D$9)) | E10: =SUMPRODUCT(('Shubhali ma''lumotlar'!$B$2:$B$59=$A10)*('Shubhali ma''lumotlar'!$C$2:$C$59=E$9)) | F10: =SUMPRODUCT(('Shubhali ma''lumotlar'!$B$2:$B$59=$A10)*('Shubhali ma''lumotlar'!$C$2:$C$59=F$9)) | G10: =SUMPRODUCT(('Shubhali ma''lumotlar'!$B$2:$B$59=$A10)*('Shubhali ma''lumotlar'!$C$2:$C$59=G$9)) | H10: =SUM(B10:G10)
A11: O'rta | B11: =SUMPRODUCT(('Shubhali ma''lumotlar'!$B$2:$B$59=$A11)*('Shubhali ma''lumotlar'!$C$2:$C$59=B$9)) | C11: =SUMPRODUCT(('Shubhali ma''lumotlar'!$B$2:$B$59=$A11)*('Shubhali ma''lumotlar'!$C$2:$C$59=C$9)) | D11: =SUMPRODUCT(('Shubhali ma''lumotlar'!$B$2:$B$59=$A11)*('Shubhali ma''lumotlar'!$C$2:$C$59=D$9)) | E11: =SUMPRODUCT(('Shubhali ma''lumotlar'!$B$2:$B$59=$A11)*('Shubhali ma''lumotlar'!$C$2:$C$59=E$9)) | F11: =SUMPRODUCT(('Shubhali ma''lumotlar'!$B$2:$B$59=$A11)*('Shubhali ma''lumotlar'!$C$2:$C$59=F$9)) | G11: =SUMPRODUCT(('Shubhali ma''lumotlar'!$B$2:$B$59=$A11)*('Shubhali ma''lumotlar'!$C$2:$C$59=G$9)) | H11: =SUM(B11:G11)
A12: Past | B12: =SUMPRODUCT(('Shubhali ma''lumotlar'!$B$2:$B$59=$A12)*('Shubhali ma''lumotlar'!$C$2:$C$59=B$9)) | C12: =SUMPRODUCT(('Shubhali ma''lumotlar'!$B$2:$B$59=$A12)*('Shubhali ma''lumotlar'!$C$2:$C$59=C$9)) | D12: =SUMPRODUCT(('Shubhali ma''lumotlar'!$B$2:$B$59=$A12)*('Shubhali ma''lumotlar'!$C$2:$C$59=D$9)) | E12: =SUMPRODUCT(('Shubhali ma''lumotlar'!$B$2:$B$59=$A12)*('Shubhali ma''lumotlar'!$C$2:$C$59=E$9)) | F12: =SUMPRODUCT(('Shubhali ma''lumotlar'!$B$2:$B$59=$A12)*('Shubhali ma''lumotlar'!$C$2:$C$59=F$9)) | G12: =SUMPRODUCT(('Shubhali ma''lumotlar'!$B$2:$B$59=$A12)*('Shubhali ma''lumotlar'!$C$2:$C$59=G$9)) | H12: =SUM(B12:G12)
A14: Darajalar izohi
A15: Jiddiy | B15: Ma'lumot aniq xato yoki ziddiyatli (JSHSHIR nazorat raqami, sana/jins mos emas, takror, real bo'lmagan yosh). Qabulga yuborishdan oldin albatta tuzatish kerak.
A16: O'rta | B16: Ma'lumot to'liq emas yoki shubhali (hujjat turi, muassasa, telefon kodi, '+' belgilari, ismlar farqi). Hujjat bilan solishtirish kerak.
A17: Past | B17: Format kamchiligi yoki eslatma (bo'shliqlar, tasdiqlanmagan, bir xil telefon). Shablonda avtomatik tozalandi.
A19: Izoh: 'Bugun o'zgartirilgan' — bugun kiritilgan/o'zgartirilgan ma'lumotlar, git'dagi 559a247 holatiga nisbatan. Telefon raqami bazada faqat ayrim talabalarda bor — bo'sh telefonlar muammo sifatida sanalmagan.

Sheet Shubhali ma'lumotlar
A1: № | B1: Daraja | C1: Guruh | D1: F.I.O | E1: Shartnoma № | F1: Maydon | G1: Kiritilgan qiymat | H1: Muammo | I1: Tavsiya | J1: Bugun o'zgartirilgan
A2: 1 | B2: O'rta | C2: 26-02 | D2: Ro'zimurodova Larisa Ma'matali qizi | E2: 100 | F2: Shahodatnomadagi F.I.O | G2: Ro'zimurodova Larisa Maxmatali qizi | H2: Shahodatnomadagi F.I.O bazadagi F.I.O (Ro'zimurodova Larisa Ma'matali qizi) bilan mos emas | I2: Hujjat asl nusxasi bilan tekshiring
A3: 2 | B3: O'rta | C3: 26-03 | D3: Salayeva Dilroz Muroulla qizi | E3: 205 | F3: Otasining ismi | G3: Muroulla qizi | H3: Ism g'ayrioddiy yozilgan (ehtimol 'Murodulla') | I3: Pasport bilan solishtiring | J3: Ha
A4: 3 | B4: O'rta | C4: 26-03 | D4: Shukurova Zilola Farxod qizi | E4: 172 | F4: Shahodatnomadagi F.I.O | G4: Shukurova Zilola Farhod qizi | H4: Shahodatnomadagi F.I.O bazadagi F.I.O (Shukurova Zilola Farxod qizi) bilan mos emas | I4: Hujjat asl nusxasi bilan tekshiring | J4: Ha
A5: 4 | B5: O'rta | C5: 26-03 | D5: Umirova Sevinch Avlayor qizi | E5: 298 | F5: Hujjat turi | G5: ID-karta | H5: Ta'lim hujjati turi noto'g'ri kiritilgan ('ID-karta') | I5: Shahodatnoma yoki Diplom deb belgilang | J5: Ha
A6: 5 | B6: O'rta | C6: 26-04 | D6: Murodova Ruhshona Ilhomovna | E6: 72 | F6: Shahodatnomadagi F.I.O | G6: Murodova Ruxshona Ilhomovna | H6: Shahodatnomadagi F.I.O bazadagi F.I.O (Murodova Ruhshona Ilhomovna) bilan mos emas | I6: Hujjat asl nusxasi bilan tekshiring | J6: Ha
A7: 6 | B7: O'rta | C7: 26-05 | D7: Choriyeva Zahro Xayrullo qizi | E7: 109 | F7: Shahodatnomadagi F.I.O | G7: Choriyeva Zaxro Xayrullo qizi | H7: Shahodatnomadagi F.I.O bazadagi F.I.O (Choriyeva Zahro Xayrullo qizi) bilan mos emas | I7: Hujjat asl nusxasi bilan tekshiring | J7: Ha
A8: 7 | B8: O'rta | C8: 26-05 | D8: Ergasheva Shabbona Shodmon qizi | E8: 123 | F8: Shahodatnomadagi F.I.O | G8: Ergashova Shabbona Shodmon qizi | H8: Shahodatnomadagi F.I.O bazadagi F.I.O (Ergasheva Shabbona Shodmon qizi) bilan mos emas | I8: Hujjat asl nusxasi bilan tekshiring | J8: Ha
A9: 8 | B9: O'rta | C9: 26-05 | D9: Nazarova Munisa Erkin qizi | E9: 258 | F9: Diplom / shahodatnoma | H9: Ta'lim hujjati seriya-raqami kiritilmagan | I9: Hujjat nusxasidan kiriting
A10: 9 | B10: O'rta | C10: 26-05 | D10: Nazarova Munisa Erkin qizi | E10: 258 | F10: O'qigan muassasa | H10: Avval o'qigan muassasa nomi kiritilmagan | I10: Hujjatdan kiriting
A11: 10 | B11: O'rta | C11: 26-05 | D11: Nazarova Munisa Erkin qizi | E11: 258 | F11: Tugatgan yili | H11: Tugatgan yili kiritilmagan | I11: Hujjatdan kiriting
A12: 11 | B12: O'rta | C12: 26-05 | D12: Xolmirzayeva Zebuniso Xushvaq qizi | E12: 183 | F12: Shahodatnomadagi F.I.O | G12: Xolmirzayeva Zebiniso Xushvaqt qizi | H12: Shahodatnomadagi F.I.O bazadagi F.I.O (Xolmirzayeva Zebuniso Xushvaq qizi) bilan mos emas | I12: Hujjat asl nusxasi bilan tekshiring | J12: Ha
A13: 12 | B13: O'rta | C13: 26-05 | D13: Yuldosheva Ruhshona Xabibullo qizi | E13: 118 | F13: Shahodatnomadagi F.I.O | G13: Yo'ldosheva Ruxshona Xabibullo qizi | H13: Shahodatnomadagi F.I.O bazadagi F.I.O (Yuldosheva Ruhshona Xabibullo qizi) bilan mos emas | I13: Hujjat asl nusxasi bilan tekshiring | J13: Ha
A14: 13 | B14: O'rta | C14: 26-06 | D14: Azimova Zahroxon Abdirauf qizi | E14: 318 | F14: Pasportdagi F.I.O | G14: Azimova Zaxro Abdirouf qizi | H14: Pasportdagi F.I.O bazadagi F.I.O (Azimova Zahroxon Abdirauf qizi) bilan mos emas | I14: Hujjat asl nusxasi bilan tekshiring
A15: 14 | B15: O'rta | C15: 26-06 | D15: Mahmadmurodova Sevara Safarali qizi | E15: 390 | F15: Shahodatnomadagi F.I.O | G15: Mahmamurodova Sevara Safarali qizi | H15: Shahodatnomadagi F.I.O bazadagi F.I.O (Mahmadmurodova Sevara Safarali qizi) bilan mos emas | I15: Hujjat asl nusxasi bilan tekshiring | J15: Ha
A16: 15 | B16: O'rta | C16: 26-06 | D16: Mahmadmurodova Sevara Safarali qizi | E16: 390 | F16: Pasport | G16: AE2103843 | H16: Avvalgi tekshiruvda pasport 'BOSHQA ODAM' deb belgilangan | I16: Pasport nusxasi shu talabaga tegishliligini tasdiqlang | J16: Ha
A17: 16 | B17: O'rta | C17: 26-06 | D17: Sayfieva Sarvinoz Zafar qizi | F17: Pasportdagi F.I.O | G17: Sayfiyeva Sarvinoz Zafar qizi | H17: Pasportdagi F.I.O bazadagi F.I.O (Sayfieva Sarvinoz Zafar qizi) bilan mos emas | I17: Hujjat asl nusxasi bilan tekshiring
A18: 17 | B18: Past | C18: 26-02 | D18: Alimova Sevinch Raxmiddin qizi | E18: 312 | F18: Tasdiq | G18: KUTILMOQDA | H18: Ma'lumotlar hali hujjat bilan tasdiqlanmagan | I18: Hujjat nusxasi bilan solishtirib tasdiqlang | J18: Ha
A19: 18 | B19: Past | C19: 26-02 | D19: Quysinova Rohshona To'lqin qizi | E19: 242 | F19: Telefon | G19: 916397685 | H19: Bir xil telefon raqami: Quysinova Rohshona To'lqin qizi, Xolmamatova Shoxista Sobir qizi, Zayidova Shaboda Sodiqovna | I19: Aka-uka/opa-singil bo'lishi mumkin — tekshiring | J19: Ha
A20: 19 | B20: Past | C20: 26-02 | D20: Quysinova Rohshona To'lqin qizi | E20: 242 | F20: Telefon | G20: 908785105 | H20: Bir xil telefon raqami: Quysinova Rohshona To'lqin qizi, Xolmamatova Shoxista Sobir qizi, Zayidova Shaboda Sodiqovna | I20: Aka-uka/opa-singil bo'lishi mumkin — tekshiring | J20: Ha
A21: 20 | B21: Past | C21: 26-02 | D21: Tursunov Sohibjon Hakim o'g'li | E21: 220 | F21: Telefon | G21: 995658681 | H21: Bir xil telefon raqami: Tursunov Sohibjon Hakim o'g'li, Tursunova Fotima Qosim qizi, Tursunova Zuhra Qosim qizi | I21: Aka-uka/opa-singil bo'lishi mumkin — tekshiring | J21: Ha
A22: 21 | B22: Past | C22: 26-03 | D22: Eshnazarova Dilnoza Rustam qizi | E22: 221 | F22: Yashash viloyat+tumani | G22: PINFL hudud kodi 573 | H22: Yashash hududi aniqlanmadi (muassasa nomida tuman yo'q, PINFL hudud kodi noma'lum) | I22: Shablonda bo'sh qoldirildi — qo'lda kiriting | J22: Ha
A23: 22 | B23: Past | C23: 26-03 | D23: Fayzullayeva Sarvinoz Sherbobo qizi | E23: 152 | F23: Yashash viloyat+tumani | G23: PINFL hudud kodi 573 | H23: Yashash hududi aniqlanmadi (muassasa nomida tuman yo'q, PINFL hudud kodi noma'lum) | I23: Shablonda bo'sh qoldirildi — qo'lda kiriting | J23: Ha
A24: 23 | B24: Past | C24: 26-03 | D24: Izzatulloyeva Vazira G'ayratzoda | E24: 383 | F24: Otasining ismi | G24: G'ayratzoda | H24: Otasining ismi 'qizi / o'g'li' bilan tugamagan | I24: Pasport bilan solishtiring | J24: Ha
A25: 24 | B25: Past | C25: 26-03 | D25: Izzatulloyeva Vazira G'ayratzoda | E25: 383 | F25: Tasdiq | G25: KUTILMOQDA | H25: Ma'lumotlar hali hujjat bilan tasdiqlanmagan | I25: Hujjat nusxasi bilan solishtirib tasdiqlang | J25: Ha
A26: 25 | B26: Past | C26: 26-03 | D26: Niyozova Komila Toshpulatovna | F26: Tasdiq | G26: KUTILMOQDA | H26: Ma'lumotlar hali hujjat bilan tasdiqlanmagan | I26: Hujjat nusxasi bilan solishtirib tasdiqlang
A27: 26 | B27: Past | C27: 26-03 | D27: Primova Husnora Shovkat qizi | E27: 251 | F27: Pasport | G27: AC 0443770 | H27: Pasport raqamida bo'shliq / kichik harf bor | I27: To'g'ri yozilishi: AC0443770 (shablonda tozalandi) | J27: Ha
A28: 27 | B28: Past | C28: 26-03 | D28: Salayeva Dilroz Muroulla qizi | E28: 205 | F28: Yashash viloyat+tumani | G28: PINFL hudud kodi 573 | H28: Yashash hududi aniqlanmadi (muassasa nomida tuman yo'q, PINFL hudud kodi noma'lum) | I28: Shablonda bo'sh qoldirildi — qo'lda kiriting | J28: Ha
A29: 28 | B29: Past | C29: 26-03 | D29: Salayeva Dilroz Muroulla qizi | E29: 205 | F29: Tasdiq | G29: KUTILMOQDA | H29: Ma'lumotlar hali hujjat bilan tasdiqlanmagan | I29: Hujjat nusxasi bilan solishtirib tasdiqlang | J29: Ha
A30: 29 | B30: Past | C30: 26-03 | D30: Shamsiyeva Fotima Sharofiddin qizi | E30: 107 | F30: Yashash viloyat+tumani | G30: PINFL hudud kodi 573 | H30: Yashash hududi aniqlanmadi (muassasa nomida tuman yo'q, PINFL hudud kodi noma'lum) | I30: Shablonda bo'sh qoldirildi — qo'lda kiriting | J30: Ha
A31: 30 | B31: Past | C31: 26-03 | D31: Xolmamatova Shoxista Sobir qizi | E31: 243 | F31: Telefon | G31: 916397685 | H31: Bir xil telefon raqami: Quysinova Rohshona To'lqin qizi, Xolmamatova Shoxista Sobir qizi, Zayidova Shaboda Sodiqovna | I31: Aka-uka/opa-singil bo'lishi mumkin — tekshiring | J31: Ha
A32: 31 | B32: Past | C32: 26-03 | D32: Xolmamatova Shoxista Sobir qizi | E32: 243 | F32: Telefon | G32: 908785105 | H32: Bir xil telefon raqami: Quysinova Rohshona To'lqin qizi, Xolmamatova Shoxista Sobir qizi, Zayidova Shaboda Sodiqovna | I32: Aka-uka/opa-singil bo'lishi mumkin — tekshiring | J32: Ha
A33: 32 | B33: Past | C33: 26-03 | D33: Xolmaxmatova Sevinch Isomiddin qizi | E33: 108 | F33: Yashash viloyat+tumani | G33: PINFL hudud kodi 573 | H33: Yashash hududi aniqlanmadi (muassasa nomida tuman yo'q, PINFL hudud kodi noma'lum) | I33: Shablonda bo'sh qoldirildi — qo'lda kiriting | J33: Ha
A34: 33 | B34: Past | C34: 26-03 | D34: Xurramova Sabina Yuldosh qizi | E34: 52 | F34: Yashash viloyat+tumani | G34: PINFL hudud kodi 823 | H34: Yashash hududi aniqlanmadi (muassasa nomida tuman yo'q, PINFL hudud kodi noma'lum) | I34: Shablonda bo'sh qoldirildi — qo'lda kiriting | J34: Ha
A35: 34 | B35: Past | C35: 26-03 | D35: Xurramova Sabina Yuldosh qizi | E35: 52 | F35: Tasdiq | G35: KUTILMOQDA | H35: Ma'lumotlar hali hujjat bilan tasdiqlanmagan | I35: Hujjat nusxasi bilan solishtirib tasdiqlang | J35: Ha
A36: 35 | B36: Past | C36: 26-04 | D36: Jalolov Javlonbek G'ani o'g'li | E36: 211 | F36: Pasport | G36: AE 4994200 | H36: Pasport raqamida bo'shliq / kichik harf bor | I36: To'g'ri yozilishi: AE4994200 (shablonda tozalandi)
A37: 36 | B37: Past | C37: 26-04 | D37: Nafasova Sevinch Bollijon qizi | E37: 266 | F37: Yashash viloyat+tumani | G37: PINFL hudud kodi 573 | H37: Yashash hududi aniqlanmadi (muassasa nomida tuman yo'q, PINFL hudud kodi noma'lum) | I37: Shablonda bo'sh qoldirildi — qo'lda kiriting
A38: 37 | B38: Past | C38: 26-04 | D38: Ulugbekova Zara Ulug'bek qizi | E38: 313 | F38: Tasdiq | G38: KUTILMOQDA | H38: Ma'lumotlar hali hujjat bilan tasdiqlanmagan | I38: Hujjat nusxasi bilan solishtirib tasdiqlang | J38: Ha
A39: 38 | B39: Past | C39: 26-04 | D39: Xujamuratova Durdona Bahrom qizi | E39: 232 | F39: Tasdiq | G39: KUTILMOQDA | H39: Ma'lumotlar hali hujjat bilan tasdiqlanmagan | I39: Hujjat nusxasi bilan solishtirib tasdiqlang | J39: Ha
A40: 39 | B40: Past | C40: 26-04 | D40: Xurramova Shahnoza Shuhrat qizi | E40: 29 | F40: Telefon | G40: 880096166 | H40: Bir xil telefon raqami: Xurramova Shahnoza Shuhrat qizi, Xurramova Shahrizoda Shuhrat qizi | I40: Aka-uka/opa-singil bo'lishi mumkin — tekshiring
A41: 40 | B41: Past | C41: 26-04 | D41: Xurramova Shahrizoda Shuhrat qizi | E41: 96 | F41: Telefon | G41: 880096166 | H41: Bir xil telefon raqami: Xurramova Shahnoza Shuhrat qizi, Xurramova Shahrizoda Shuhrat qizi | I41: Aka-uka/opa-singil bo'lishi mumkin — tekshiring | J41: Ha
A42: 41 | B42: Past | C42: 26-04 | D42: Zayidova Shaboda Sodiqovna | E42: 387 | F42: Telefon | G42: 916397685 | H42: Bir xil telefon raqami: Quysinova Rohshona To'lqin qizi, Xolmamatova Shoxista Sobir qizi, Zayidova Shaboda Sodiqovna | I42: Aka-uka/opa-singil bo'lishi mumkin — tekshiring | J42: Ha
A43: 42 | B43: Past | C43: 26-04 | D43: Zayidova Shaboda Sodiqovna | E43: 387 | F43: Telefon | G43: 908785105 | H43: Bir xil telefon raqami: Quysinova Rohshona To'lqin qizi, Xolmamatova Shoxista Sobir qizi, Zayidova Shaboda Sodiqovna | I43: Aka-uka/opa-singil bo'lishi mumkin — tekshiring | J43: Ha
A44: 43 | B44: Past | C44: 26-05 | D44: Ergasheva Shabbona Shodmon qizi | E44: 123 | F44: Telefon | G44: 914551195 | H44: Bir xil telefon raqami: Ergasheva Shabbona Shodmon qizi, Yuldosheva Ruhshona Xabibullo qizi | I44: Aka-uka/opa-singil bo'lishi mumkin — tekshiring | J44: Ha
A45: 44 | B45: Past | C45: 26-05 | D45: Jurayeva Madina Odil qizi | E45: 215 | F45: Yashash viloyat+tumani | G45: PINFL hudud kodi 573 | H45: Yashash hududi aniqlanmadi (muassasa nomida tuman yo'q, PINFL hudud kodi noma'lum) | I45: Shablonda bo'sh qoldirildi — qo'lda kiriting | J45: Ha
A46: 45 | B46: Past | C46: 26-05 | D46: Nazarova Munisa Erkin qizi | E46: 258 | F46: Holat | G46: chala | H46: Hujjatlar to'liq emas (status: chala)
A47: 46 | B47: Past | C47: 26-05 | D47: Ne'matova Sevinch Hikmatullo qizi | F47: Tasdiq | G47: KUTILMOQDA | H47: Ma'lumotlar hali hujjat bilan tasdiqlanmagan | I47: Hujjat nusxasi bilan solishtirib tasdiqlang | J47: Ha
A48: 47 | B48: Past | C48: 26-05 | D48: Tursunova Fotima Qosim qizi | E48: 218 | F48: Telefon | G48: 995658681 | H48: Bir xil telefon raqami: Tursunov Sohibjon Hakim o'g'li, Tursunova Fotima Qosim qizi, Tursunova Zuhra Qosim qizi | I48: Aka-uka/opa-singil bo'lishi mumkin — tekshiring | J48: Ha
A49: 48 | B49: Past | C49: 26-05 | D49: Tursunova Zuhra Qosim qizi | E49: 219 | F49: Telefon | G49: 995658681 | H49: Bir xil telefon raqami: Tursunov Sohibjon Hakim o'g'li, Tursunova Fotima Qosim qizi, Tursunova Zuhra Qosim qizi | I49: Aka-uka/opa-singil bo'lishi mumkin — tekshiring | J49: Ha
A50: 49 | B50: Past | C50: 26-05 | D50: Yuldosheva Ruhshona Xabibullo qizi | E50: 118 | F50: Telefon | G50: 914551195 | H50: Bir xil telefon raqami: Ergasheva Shabbona Shodmon qizi, Yuldosheva Ruhshona Xabibullo qizi | I50: Aka-uka/opa-singil bo'lishi mumkin — tekshiring | J50: Ha
A51: 50 | B51: Past | C51: 26-06 | D51: Eshimova Zilola Bekzod qizi | E51: 174 | F51: Yashash viloyat+tumani | G51: PINFL hudud kodi 573 | H51: Yashash hududi aniqlanmadi (muassasa nomida tuman yo'q, PINFL hudud kodi noma'lum) | I51: Shablonda bo'sh qoldirildi — qo'lda kiriting | J51: Ha
A52: 51 | B52: Past | C52: 26-06 | D52: Niyozova Sevara Turoqulovna | E52: 304 | F52: JSHSHIR | G52: 412068 9256 0120 | H52: JSHSHIR ichida bo'shliq / ortiqcha belgi bor | I52: To'g'ri yozilishi: 41206892560120 (shablonda tozalandi) | J52: Ha
A53: 52 | B53: Past | C53: 26-06 | D53: Niyozova Sevara Turoqulovna | E53: 304 | F53: Tasdiq | G53: KUTILMOQDA | H53: Ma'lumotlar hali hujjat bilan tasdiqlanmagan | I53: Hujjat nusxasi bilan solishtirib tasdiqlang | J53: Ha
A54: 53 | B54: Past | C54: 26-06 | D54: Sayfieva Sarvinoz Zafar qizi | F54: JSHSHIR | G54: 415079 8559 0074 | H54: JSHSHIR ichida bo'shliq / ortiqcha belgi bor | I54: To'g'ri yozilishi: 41507985590074 (shablonda tozalandi)
A55: 54 | B55: Past | C55: 26-06 | D55: Sayfieva Sarvinoz Zafar qizi | F55: Tasdiq | G55: KUTILMOQDA | H55: Ma'lumotlar hali hujjat bilan tasdiqlanmagan | I55: Hujjat nusxasi bilan solishtirib tasdiqlang
A56: 55 | B56: Past | C56: 26-06 | D56: Sayfillayeva Shodiyona Sayfilla qizi | E56: 3 | F56: Yashash viloyat+tumani | G56: PINFL hudud kodi 573 | H56: Yashash hududi aniqlanmadi (muassasa nomida tuman yo'q, PINFL hudud kodi noma'lum) | I56: Shablonda bo'sh qoldirildi — qo'lda kiriting
A57: 56 | B57: Past | C57: 26-06 | D57: Uzoqova Fazilat Nurali qizi | F57: JSHSHIR | G57: 407129 0256 0079 | H57: JSHSHIR ichida bo'shliq / ortiqcha belgi bor | I57: To'g'ri yozilishi: 40712902560079 (shablonda tozalandi) | J57: Ha
A58: 57 | B58: Past | C58: 26-06 | D58: Uzoqova Fazilat Nurali qizi | F58: Pasport | G58: AE 4385291 | H58: Pasport raqamida bo'shliq / kichik harf bor | I58: To'g'ri yozilishi: AE4385291 (shablonda tozalandi) | J58: Ha
A59: 58 | B59: Past | C59: 26-06 | D59: Uzoqova Fazilat Nurali qizi | F59: Tasdiq | G59: KUTILMOQDA | H59: Ma'lumotlar hali hujjat bilan tasdiqlanmagan | I59: Hujjat nusxasi bilan solishtirib tasdiqlang | J59: Ha

Sheet Talabalar kesimida
A1: № | B1: Eng yuqori daraja | C1: Guruh | D1: F.I.O | E1: Muammolar soni | F1: Muammolar | G1: Bugun o'zgartirilgan
A2: 1 | B2: O'rta | C2: 26-02 | D2: Ro'zimurodova Larisa Ma'matali qizi | E2: 1 | F2: • [O'rta] Shahodatnomadagi F.I.O bazadagi F.I.O (Ro'zimurodova Larisa Ma'matali qizi) bilan mos emas
A3: 2 | B3: O'rta | C3: 26-03 | D3: Salayeva Dilroz Muroulla qizi | E3: 3 | F3: • [O'rta] Ism g'ayrioddiy yozilgan (ehtimol 'Murodulla') • [Past] Yashash hududi aniqlanmadi (muassasa nomida tuman yo'q, PINFL hudud kodi noma'lum) • [Past] Ma'lumotlar hali hujjat bilan tasdiqlanmagan | G3: Ha
A4: 3 | B4: O'rta | C4: 26-03 | D4: Shukurova Zilola Farxod qizi | E4: 1 | F4: • [O'rta] Shahodatnomadagi F.I.O bazadagi F.I.O (Shukurova Zilola Farxod qizi) bilan mos emas | G4: Ha
A5: 4 | B5: O'rta | C5: 26-03 | D5: Umirova Sevinch Avlayor qizi | E5: 1 | F5: • [O'rta] Ta'lim hujjati turi noto'g'ri kiritilgan ('ID-karta') | G5: Ha
A6: 5 | B6: O'rta | C6: 26-04 | D6: Murodova Ruhshona Ilhomovna | E6: 1 | F6: • [O'rta] Shahodatnomadagi F.I.O bazadagi F.I.O (Murodova Ruhshona Ilhomovna) bilan mos emas | G6: Ha
A7: 6 | B7: O'rta | C7: 26-05 | D7: Choriyeva Zahro Xayrullo qizi | E7: 1 | F7: • [O'rta] Shahodatnomadagi F.I.O bazadagi F.I.O (Choriyeva Zahro Xayrullo qizi) bilan mos emas | G7: Ha
A8: 7 | B8: O'rta | C8: 26-05 | D8: Ergasheva Shabbona Shodmon qizi | E8: 2 | F8: • [O'rta] Shahodatnomadagi F.I.O bazadagi F.I.O (Ergasheva Shabbona Shodmon qizi) bilan mos emas • [Past] Bir xil telefon raqami: Ergasheva Shabbona Shodmon qizi, Yuldosheva Ruhshona Xabibullo qizi | G8: Ha
A9: 8 | B9: O'rta | C9: 26-05 | D9: Nazarova Munisa Erkin qizi | E9: 4 | F9: • [O'rta] Ta'lim hujjati seriya-raqami kiritilmagan • [O'rta] Avval o'qigan muassasa nomi kiritilmagan • [O'rta] Tugatgan yili kiritilmagan • [Past] Hujjatlar to'liq emas (status: chala)
A10: 9 | B10: O'rta | C10: 26-05 | D10: Xolmirzayeva Zebuniso Xushvaq qizi | E10: 1 | F10: • [O'rta] Shahodatnomadagi F.I.O bazadagi F.I.O (Xolmirzayeva Zebuniso Xushvaq qizi) bilan mos emas | G10: Ha
A11: 10 | B11: O'rta | C11: 26-05 | D11: Yuldosheva Ruhshona Xabibullo qizi | E11: 2 | F11: • [O'rta] Shahodatnomadagi F.I.O bazadagi F.I.O (Yuldosheva Ruhshona Xabibullo qizi) bilan mos emas • [Past] Bir xil telefon raqami: Ergasheva Shabbona Shodmon qizi, Yuldosheva Ruhshona Xabibullo qizi | G11: Ha
A12: 11 | B12: O'rta | C12: 26-06 | D12: Azimova Zahroxon Abdirauf qizi | E12: 1 | F12: • [O'rta] Pasportdagi F.I.O bazadagi F.I.O (Azimova Zahroxon Abdirauf qizi) bilan mos emas
A13: 12 | B13: O'rta | C13: 26-06 | D13: Mahmadmurodova Sevara Safarali qizi | E13: 2 | F13: • [O'rta] Shahodatnomadagi F.I.O bazadagi F.I.O (Mahmadmurodova Sevara Safarali qizi) bilan mos emas • [O'rta] Avvalgi tekshiruvda pasport 'BOSHQA ODAM' deb belgilangan | G13: Ha
A14: 13 | B14: O'rta | C14: 26-06 | D14: Sayfieva Sarvinoz Zafar qizi | E14: 3 | F14: • [O'rta] Pasportdagi F.I.O bazadagi F.I.O (Sayfieva Sarvinoz Zafar qizi) bilan mos emas • [Past] JSHSHIR ichida bo'shliq / ortiqcha belgi bor • [Past] Ma'lumotlar hali hujjat bilan tasdiqlanmagan
A15: 14 | B15: Past | C15: 26-02 | D15: Alimova Sevinch Raxmiddin qizi | E15: 1 | F15: • [Past] Ma'lumotlar hali hujjat bilan tasdiqlanmagan | G15: Ha
A16: 15 | B16: Past | C16: 26-02 | D16: Quysinova Rohshona To'lqin qizi | E16: 2 | F16: • [Past] Bir xil telefon raqami: Quysinova Rohshona To'lqin qizi, Xolmamatova Shoxista Sobir qizi, Zayidova Shaboda Sodiqovna • [Past] Bir xil telefon raqami: Quysinova Rohshona To'lqin qizi, Xolmamatova Shoxista Sobir qizi, Zayidova Shaboda Sodiqovna | G16: Ha
A17: 16 | B17: Past | C17: 26-02 | D17: Tursunov Sohibjon Hakim o'g'li | E17: 1 | F17: • [Past] Bir xil telefon raqami: Tursunov Sohibjon Hakim o'g'li, Tursunova Fotima Qosim qizi, Tursunova Zuhra Qosim qizi | G17: Ha
A18: 17 | B18: Past | C18: 26-03 | D18: Eshnazarova Dilnoza Rustam qizi | E18: 1 | F18: • [Past] Yashash hududi aniqlanmadi (muassasa nomida tuman yo'q, PINFL hudud kodi noma'lum) | G18: Ha
A19: 18 | B19: Past | C19: 26-03 | D19: Fayzullayeva Sarvinoz Sherbobo qizi | E19: 1 | F19: • [Past] Yashash hududi aniqlanmadi (muassasa nomida tuman yo'q, PINFL hudud kodi noma'lum) | G19: Ha
A20: 19 | B20: Past | C20: 26-03 | D20: Izzatulloyeva Vazira G'ayratzoda | E20: 2 | F20: • [Past] Otasining ismi 'qizi / o'g'li' bilan tugamagan • [Past] Ma'lumotlar hali hujjat bilan tasdiqlanmagan | G20: Ha
A21: 20 | B21: Past | C21: 26-03 | D21: Niyozova Komila Toshpulatovna | E21: 1 | F21: • [Past] Ma'lumotlar hali hujjat bilan tasdiqlanmagan
A22: 21 | B22: Past | C22: 26-03 | D22: Primova Husnora Shovkat qizi | E22: 1 | F22: • [Past] Pasport raqamida bo'shliq / kichik harf bor | G22: Ha
A23: 22 | B23: Past | C23: 26-03 | D23: Shamsiyeva Fotima Sharofiddin qizi | E23: 1 | F23: • [Past] Yashash hududi aniqlanmadi (muassasa nomida tuman yo'q, PINFL hudud kodi noma'lum) | G23: Ha
A24: 23 | B24: Past | C24: 26-03 | D24: Xolmamatova Shoxista Sobir qizi | E24: 2 | F24: • [Past] Bir xil telefon raqami: Quysinova Rohshona To'lqin qizi, Xolmamatova Shoxista Sobir qizi, Zayidova Shaboda Sodiqovna • [Past] Bir xil telefon raqami: Quysinova Rohshona To'lqin qizi, Xolmamatova Shoxista Sobir qizi, Zayidova Shaboda Sodiqovna | G24: Ha
A25: 24 | B25: Past | C25: 26-03 | D25: Xolmaxmatova Sevinch Isomiddin qizi | E25: 1 | F25: • [Past] Yashash hududi aniqlanmadi (muassasa nomida tuman yo'q, PINFL hudud kodi noma'lum) | G25: Ha
A26: 25 | B26: Past | C26: 26-03 | D26: Xurramova Sabina Yuldosh qizi | E26: 2 | F26: • [Past] Yashash hududi aniqlanmadi (muassasa nomida tuman yo'q, PINFL hudud kodi noma'lum) • [Past] Ma'lumotlar hali hujjat bilan tasdiqlanmagan | G26: Ha
A27: 26 | B27: Past | C27: 26-04 | D27: Jalolov Javlonbek G'ani o'g'li | E27: 1 | F27: • [Past] Pasport raqamida bo'shliq / kichik harf bor
A28: 27 | B28: Past | C28: 26-04 | D28: Nafasova Sevinch Bollijon qizi | E28: 1 | F28: • [Past] Yashash hududi aniqlanmadi (muassasa nomida tuman yo'q, PINFL hudud kodi noma'lum)
A29: 28 | B29: Past | C29: 26-04 | D29: Ulugbekova Zara Ulug'bek qizi | E29: 1 | F29: • [Past] Ma'lumotlar hali hujjat bilan tasdiqlanmagan | G29: Ha
A30: 29 | B30: Past | C30: 26-04 | D30: Xujamuratova Durdona Bahrom qizi | E30: 1 | F30: • [Past] Ma'lumotlar hali hujjat bilan tasdiqlanmagan | G30: Ha
A31: 30 | B31: Past | C31: 26-04 | D31: Xurramova Shahnoza Shuhrat qizi | E31: 1 | F31: • [Past] Bir xil telefon raqami: Xurramova Shahnoza Shuhrat qizi, Xurramova Shahrizoda Shuhrat qizi
A32: 31 | B32: Past | C32: 26-04 | D32: Xurramova Shahrizoda Shuhrat qizi | E32: 1 | F32: • [Past] Bir xil telefon raqami: Xurramova Shahnoza Shuhrat qizi, Xurramova Shahrizoda Shuhrat qizi | G32: Ha
A33: 32 | B33: Past | C33: 26-04 | D33: Zayidova Shaboda Sodiqovna | E33: 2 | F33: • [Past] Bir xil telefon raqami: Quysinova Rohshona To'lqin qizi, Xolmamatova Shoxista Sobir qizi, Zayidova Shaboda Sodiqovna • [Past] Bir xil telefon raqami: Quysinova Rohshona To'lqin qizi, Xolmamatova Shoxista Sobir qizi, Zayidova Shaboda Sodiqovna | G33: Ha
A34: 33 | B34: Past | C34: 26-05 | D34: Jurayeva Madina Odil qizi | E34: 1 | F34: • [Past] Yashash hududi aniqlanmadi (muassasa nomida tuman yo'q, PINFL hudud kodi noma'lum) | G34: Ha
A35: 34 | B35: Past | C35: 26-05 | D35: Ne'matova Sevinch Hikmatullo qizi | E35: 1 | F35: • [Past] Ma'lumotlar hali hujjat bilan tasdiqlanmagan | G35: Ha
A36: 35 | B36: Past | C36: 26-05 | D36: Tursunova Fotima Qosim qizi | E36: 1 | F36: • [Past] Bir xil telefon raqami: Tursunov Sohibjon Hakim o'g'li, Tursunova Fotima Qosim qizi, Tursunova Zuhra Qosim qizi | G36: Ha
A37: 36 | B37: Past | C37: 26-05 | D37: Tursunova Zuhra Qosim qizi | E37: 1 | F37: • [Past] Bir xil telefon raqami: Tursunov Sohibjon Hakim o'g'li, Tursunova Fotima Qosim qizi, Tursunova Zuhra Qosim qizi | G37: Ha
A38: 37 | B38: Past | C38: 26-06 | D38: Eshimova Zilola Bekzod qizi | E38: 1 | F38: • [Past] Yashash hududi aniqlanmadi (muassasa nomida tuman yo'q, PINFL hudud kodi noma'lum) | G38: Ha
A39: 38 | B39: Past | C39: 26-06 | D39: Niyozova Sevara Turoqulovna | E39: 2 | F39: • [Past] JSHSHIR ichida bo'shliq / ortiqcha belgi bor • [Past] Ma'lumotlar hali hujjat bilan tasdiqlanmagan | G39: Ha
A40: 39 | B40: Past | C40: 26-06 | D40: Sayfillayeva Shodiyona Sayfilla qizi | E40: 1 | F40: • [Past] Yashash hududi aniqlanmadi (muassasa nomida tuman yo'q, PINFL hudud kodi noma'lum)
A41: 40 | B41: Past | C41: 26-06 | D41: Uzoqova Fazilat Nurali qizi | E41: 3 | F41: • [Past] JSHSHIR ichida bo'shliq / ortiqcha belgi bor • [Past] Pasport raqamida bo'shliq / kichik harf bor • [Past] Ma'lumotlar hali hujjat bilan tasdiqlanmagan | G41: Ha

Sheet Bugungi o'zgarishlar
A1: № | B1: Guruh | C1: F.I.O | D1: Maydon | E1: Oldingi qiymat | F1: Yangi qiymat | G1: Shubha bor
A2: 1 | B2: 26-01 | C2: Abdurahmonova Parvinabonu Alisher qizi | D2: Telefon | F2: 885888187 / 902433774
A3: 2 | B3: 26-01 | C3: Arzikulova Amina Salohiddin qizi | D3: Telefon | F3: 953672602
A4: 3 | B4: 26-01 | C4: Hazratova Farzona Toshkand qizi | D4: Telefon | F4: 914606562
A5: 4 | B5: 26-01 | C5: Ibodullayeva Asilzoda Latif qizi | D5: Telefon | F5: 973873803
A6: 5 | B6: 26-01 | C6: Majidova Namuna Shunqor qizi | D6: Telefon | F6: 943387727
A7: 6 | B7: 26-01 | C7: Murodullayev Azizbek Odiljon o'g'li | D7: Telefon | F7: 919490180 / 877511981
A8: 7 | B8: 26-01 | C8: Numonova Jasmina Baxodir qizi | D8: Telefon | F8: 509071311 / 500331311
A9: 8 | B9: 26-01 | C9: Ravshanova Ruhshona Radju qizi | D9: Telefon | F9: 908788108
A10: 9 | B10: 26-01 | C10: Turayeva Dilsuz Oybek qizi | D10: Telefon | F10: 936031585 / 882651585
A11: 10 | B11: 26-01 | C11: Turg'unova Jasmina Turg'un qizi | D11: Telefon | F11: 910707501 / 908698209
A12: 11 | B12: 26-01 | C12: Ziyodullayeva Jasmina Alisher qizi | D12: Telefon | F12: 912240018
A13: 12 | B13: 26-02 | C13: Alimova Sevinch Raxmiddin qizi | D13: Diplom/shahodatnoma | F13: K 5486730 | G13: Ha
A14: 13 | B14: 26-02 | C14: Alimova Sevinch Raxmiddin qizi | D14: Muassasa | F14: Qarshi pedagogika kolleji | G14: Ha
A15: 14 | B15: 26-02 | C15: Alimova Sevinch Raxmiddin qizi | D15: Tugatgan yili | E15: 2024 | F15: 2019 | G15: Ha
A16: 15 | B16: 26-02 | C16: Alimova Sevinch Raxmiddin qizi | D16: Hujjat turi | E16: Shahodatnoma | F16: Diplom | G16: Ha
A17: 16 | B17: 26-02 | C17: Alimova Sevinch Raxmiddin qizi | D17: Holat | E17: chala | F17: full | G17: Ha
A18: 17 | B18: 26-02 | C18: Berdiqulova Gulshan Rustam qizi | D18: Telefon | F18: 770629890
A19: 18 | B19: 26-02 | C19: Eshmurotova Charos Bekqul qizi | D19: Telefon | F19: 886177860 / 914577860
A20: 19 | B20: 26-02 | C20: G'aybullayeva Ruxsora Xusniddin qizi | D20: Telefon | F20: 880052965 / 874861208
A21: 20 | B21: 26-02 | C21: Hamroqulova Farzona Odilovna | D21: Telefon | F21: 870102621
A22: 21 | B22: 26-02 | C22: Hasanova Dilnura Eson qizi | D22: Telefon | F22: 875681508
A23: 22 | B23: 26-02 | C23: Hasanova Marjona Xolmurod qizi | D23: Telefon | F23: 973350582 / 978635082
A24: 23 | B24: 26-02 | C24: Ilhomova Zuhra Davron qizi | D24: Telefon | F24: 881151031 / 881840585
A25: 24 | B25: 26-02 | C25: Islomova Nilufar Abdulxafiz qizi | D25: Telefon | F25: 912174355
A26: 25 | B26: 26-02 | C26: Jalolova Rayxona Akmal qizi | D26: Telefon | F26: 918112208 / 918151309
A27: 26 | B27: 26-02 | C27: Javliyeva Nargiza Ortiq qizi | D27: Telefon | F27: 880880124
A28: 27 | B28: 26-02 | C28: Nu'monova Saidabonu Ulug'bek qizi | D28: Telefon | F28: 975855793 / 776070824
A29: 28 | B29: 26-02 | C29: Ochildiyeva Dinora Otabek qizi | D29: Telefon | F29: 992460829 / 701080829
A30: 29 | B30: 26-02 | C30: Quysinova Rohshona To'lqin qizi | D30: Telefon | F30: 908785105 / 916397685 | G30: Ha
A31: 30 | B31: 26-02 | C31: Samadova Nigora Abdisamiyevna | D31: Telefon | F31: 976312909 / 953332960
A32: 31 | B32: 26-02 | C32: Saydalimova Ruxshona Sharofiddin qizi | D32: Telefon | F32: 770578758 / 704897375
A33: 32 | B33: 26-02 | C33: Shukriyeva Nariye Redvanovna | D33: Telefon | F33: 200132207
A34: 33 | B34: 26-02 | C34: Suyunova Maftuna Akbar qizi | D34: Telefon | F34: 996152272
A35: 34 | B35: 26-02 | C35: To'raboyeva Sabrina Ovlaqul qizi | D35: Telefon | F35: 885890027 / 957701169
A36: 35 | B36: 26-02 | C36: Tosheva Aziza Sherzod qizi | D36: Telefon | F36: 916499228 / 976015200
A37: 36 | B37: 26-02 | C37: To'xtayeva Durdona Nazim qizi | D37: Telefon | F37: 880115819
A38: 37 | B38: 26-02 | C38: Tursunov Sohibjon Hakim o'g'li | D38: Telefon | F38: 995658681 | G38: Ha
A39: 38 | B39: 26-02 | C39: Umarova Iroda Muzaffar qizi | D39: Telefon | F39: 880669272 / 952556670
A40: 39 | B40: 26-02 | C40: Uroqova Jasmina Jasur qizi | D40: Telefon | F40: 334948423 / 991840519
A41: 40 | B41: 26-02 | C41: Usmanova Iroda Abdurazzoq qizi | D41: Telefon | F41: 700720614 / 992558990
A42: 41 | B42: 26-02 | C42: Xurramova Shodiya Arol qizi | D42: Telefon | F42: 880088028
A43: 42 | B43: 26-02 | C43: Yorboboyeva Mahliyo Xusan qizi | D43: Telefon | F43: 771219093 / 889770693
A44: 43 | B44: 26-03 | C44: Arziqulova Laylo Bahodir qizi | D44: Telefon | F44: 940790106
A45: 44 | B45: 26-03 | C45: Eshnazarova Dilnoza Rustam qizi | D45: Telefon | F45: 917090876 | G45: Ha
A46: 45 | B46: 26-03 | C46: Fayzullayeva Sarvinoz Sherbobo qizi | D46: Telefon | F46: 997307709 | G46: Ha
A47: 46 | B47: 26-03 | C47: Izzatulloyeva Vazira G'ayratzoda | D47: Telefon | F47: 873588797 / 886321972 | G47: Ha
A48: 47 | B48: 26-03 | C48: Jurayeva Dilnoz G'oibnazarovna | D48: Telefon | F48: 999430596 / 959399205
A49: 48 | B49: 26-03 | C49: Mansurova Gulasal Musurmon qizi | D49: Diplom/shahodatnoma | F49: UM 03728547
A50: 49 | B50: 26-03 | C50: Mansurova Gulasal Musurmon qizi | D50: Muassasa | F50: 20-sonli umumiy o'rta ta'lim maktabi
A51: 50 | B51: 26-03 | C51: Mansurova Gulasal Musurmon qizi | D51: Tugatgan yili | F51: 2026
A52: 51 | B52: 26-03 | C52: Mansurova Gulasal Musurmon qizi | D52: Holat | E52: chala | F52: full
A53: 52 | B53: 26-03 | C53: Murtazayeva Kamola Jamoliddin qizi | D53: Guruh | E53: 26-07 | F53: 26-03
A54: 53 | B54: 26-03 | C54: Norboboyeva Farangiz Nuriddin qizi | D54: Telefon | F54: 970012780 / 973157721
A55: 54 | B55: 26-03 | C55: Pardaqulova Farzona Shovkatovna | D55: Telefon | F55: 772131924 / 919584082
A56: 55 | B56: 26-03 | C56: Pardayeva Farangiz Norali qizi | D56: Telefon | F56: 876450108 / 990427984
A57: 56 | B57: 26-03 | C57: Primova Husnora Shovkat qizi | D57: Telefon | F57: 873920025 / 873920021 | G57: Ha
A58: 57 | B58: 26-03 | C58: Rasulova Husnobod Bekmurod qizi | D58: Telefon | F58: 503019503 / 997304804
A59: 58 | B59: 26-03 | C59: Rayimova Nozliya Laziz qizi | D59: Telefon | F59: 919595774
A60: 59 | B60: 26-03 | C60: Salayeva Dilroz Muroulla qizi | D60: F.I.O | E60: Salayeva Dilroz | F60: Salayeva Dilroz Muroulla qizi | G60: Ha
A61: 60 | B61: 26-03 | C61: Salayeva Dilroz Muroulla qizi | D61: Guruh | E61: 26-07 | F61: 26-03 | G61: Ha
A62: 61 | B62: 26-03 | C62: Salayeva Dilroz Muroulla qizi | D62: JSHSHIR | F62: 60408085730030 | G62: Ha
A63: 62 | B63: 26-03 | C63: Salayeva Dilroz Muroulla qizi | D63: Pasport | F63: AE3039330 | G63: Ha
A64: 63 | B64: 26-03 | C64: Salayeva Dilroz Muroulla qizi | D64: Tug'ilgan sana | F64: 04.08.2008 | G64: Ha
A65: 64 | B65: 26-03 | C65: Salayeva Dilroz Muroulla qizi | D65: Pasport berilgan | F65: 16.06.2025 | G65: Ha
A66: 65 | B66: 26-03 | C66: Salayeva Dilroz Muroulla qizi | D66: Diplom/shahodatnoma | F66: UM 03758292 | G66: Ha
A67: 66 | B67: 26-03 | C67: Salayeva Dilroz Muroulla qizi | D67: Muassasa | F67: 81-sonli umumiy o'rta ta'lim maktabi | G67: Ha
A68: 67 | B68: 26-03 | C68: Salayeva Dilroz Muroulla qizi | D68: Tugatgan yili | F68: 2026 | G68: Ha
A69: 68 | B69: 26-03 | C69: Salayeva Dilroz Muroulla qizi | D69: Holat | E69: yoq | F69: full | G69: Ha
A70: 69 | B70: 26-03 | C70: Sayfiyeva Zarina Axmad qizi | D70: Telefon | F70: 880001458 / 905176163
A71: 70 | B71: 26-03 | C71: Sayidova Dilafro'z Qahramon qizi | D71: Telefon | F71: 330578323 / 334248323
A72: 71 | B72: 26-03 | C72: Shamsiyeva Fotima Sharofiddin qizi | D72: Telefon | F72: 885020703 / 880037679 | G72: Ha
A73: 72 | B73: 26-03 | C73: Shukurova Zilola Farxod qizi | D73: Telefon | F73: 704785808 | G73: Ha
A74: 73 | B74: 26-03 | C74: Temirova Rushana Sarvarovna | D74: Telefon | F74: 955838858
A75: 74 | B75: 26-03 | C75: Toshpo'latova Asila Akmal qizi | D75: Telefon | F75: 971880757 / 973810757
A76: 75 | B76: 26-03 | C76: Umirova Sevinch Avlayor qizi | D76: JSHSHIR | F76: 60906055720101 | G76: Ha
A77: 76 | B77: 26-03 | C77: Umirova Sevinch Avlayor qizi | D77: Diplom/shahodatnoma | F77: UM 01891594 | G77: Ha
A78: 77 | B78: 26-03 | C78: Umirova Sevinch Avlayor qizi | D78: Muassasa | E78: Noma'lum | F78: 42-sonli umumiy o'rta ta'lim maktabi | G78: Ha
A79: 78 | B79: 26-03 | C79: Umirova Sevinch Avlayor qizi | D79: Tugatgan yili | E79: Noma'lum | F79: 2023 | G79: Ha
A80: 79 | B80: 26-03 | C80: Umirova Sevinch Avlayor qizi | D80: Holat | E80: chala | F80: full | G80: Ha
A81: 80 | B81: 26-03 | C81: Umirova Sevinch Avlayor qizi | D81: Tasdiq | E81: KUTILMOQDA | F81: TASDIQLANDI | G81: Ha
A82: 81 | B82: 26-03 | C82: Usmonova Yulduz Nu'mon qizi | D82: Telefon | F82: 876310721 / 875280782
A83: 82 | B83: 26-03 | C83: Xaydarova Iroda Zarif qizi | D83: Telefon | F83: 888659008 / 881861712
A84: 83 | B84: 26-03 | C84: Xayrullayeva Umida Safar qizi | D84: Telefon | F84: 772254208
A85: 84 | B85: 26-03 | C85: Xolmamatova Shoxista Sobir qizi | D85: Telefon | F85: 908785105 / 916397685 | G85: Ha
A86: 85 | B86: 26-03 | C86: Xolmaxmatova Sevinch Isomiddin qizi | D86: Telefon | F86: 997422473 | G86: Ha
A87: 86 | B87: 26-03 | C87: Xurramova Lobar Ural qizi | D87: Telefon | F87: 881708081 / 880410227
A88: 87 | B88: 26-03 | C88: Xurramova Sabina Yuldosh qizi | D88: Yangi talaba | F88: Xurramova Sabina Yuldosh qizi | G88: Ha
A89: 88 | B89: 26-04 | C89: Abdiyeva Sabina G'ayrat qizi | D89: Telefon | F89: 919483879 / 885967179
A90: 89 | B90: 26-04 | C90: Abduraxmonova Zahrobonu Toxir qizi | D90: Telefon | F90: 875910918 / 885660802
A91: 90 | B91: 26-04 | C91: A'zamov Shohjaxon Sherali o'g'li | D91: Telefon | F91: 991312508 / 880068282
A92: 91 | B92: 26-04 | C92: Eshpulatova Shahnoza Sherali qizi | D92: Telefon | F92: 906752661
A93: 92 | B93: 26-04 | C93: Isomiddinova Ruhshona Shavkat qizi | D93: Hujjat turi | E93: Umumiy o'rta maktab | F93: Shahodatnoma
A94: 93 | B94: 26-04 | C94: Karimova Shaxina Fayzulla qizi | D94: Telefon | F94: 904403666 / 912204218
A95: 94 | B95: 26-04 | C95: Mahmudova Gulsanam Nigmatovna | D95: Telefon | E95: 88-030-66-01 / 92-087-49-05 | F95: 88-030-66-01+/+97-087-49-05
A96: 95 | B96: 26-04 | C96: Murodova Ruhshona Ilhomovna | D96: Telefon | F96: 900709579 | G96: Ha
A97: 96 | B97: 26-04 | C97: Pirnazarova Jasmina Olim qizi | D97: Telefon | F97: 908841208
A98: 97 | B98: 26-04 | C98: Qodirova Sabina Suxrob qizi | D98: Diplom/shahodatnoma | F98: DB 00173015
A99: 98 | B99: 26-04 | C99: Qodirova Sabina Suxrob qizi | D99: Muassasa | F99: 18-sonli umumiy o'rta ta'lim maktab
A100: 99 | B100: 26-04 | C100: Qodirova Sabina Suxrob qizi | D100: Tugatgan yili | F100: 2021
...

Sheet Chiqarilganlar
A1: № | B1: F.I.O | C1: Guruh / holat | D1: JSHSHIR
A2: 1 | B2: Axmedova Saodat Hamro qizi | C2: Talabalar safidan chiqarilganlar | D2: 42504932740019
A3: 2 | B3: G'iyosova Shodiyona Abduqahhor qizi | C3: Talabalar safidan chiqarilganlar | D3: 60202085590030
A4: 3 | B4: Muminova Durdona Anvar qizi | C4: Talabalar safidan chiqarilganlar

Sheet Telefonlar manbasi
A1: № | B1: Guruh | C1: F.I.O | D1: Telefon(lar) | E1: Manba
A2: 1 | B2: 26-01 | C2: Abdijalolova Dilnura Yusufjon qizi | D2: 996810119, 978550581 | E2: Bazadan
A3: 2 | B3: 26-01 | C3: Abdurahmonova Parvinabonu Alisher qizi | D3: 885888187, 902433774 | E3: Bazadan
A4: 3 | B4: 26-01 | C4: Arzikulova Amina Salohiddin qizi | D4: 953672602 | E4: Bazadan
A5: 4 | B5: 26-01 | C5: Azamatova Charos Abdiaziz qizi | E5: Topilmadi
A6: 5 | B6: 26-01 | C6: Hazratova Farzona Toshkand qizi | D6: 914606562 | E6: Bazadan
A7: 6 | B7: 26-01 | C7: Ibodullayeva Asilzoda Latif qizi | D7: 973873803 | E7: Bazadan
A8: 7 | B8: 26-01 | C8: Majidova Namuna Shunqor qizi | D8: 943387727 | E8: Bazadan
A9: 8 | B9: 26-01 | C9: Meliyeva Umida Shavkat qizi | E9: Topilmadi
A10: 9 | B10: 26-01 | C10: Murodullayev Azizbek Odiljon o'g'li | D10: 919490180, 877511981 | E10: Bazadan
A11: 10 | B11: 26-01 | C11: Numonova Jasmina Baxodir qizi | D11: 509071311, 500331311 | E11: Bazadan
A12: 11 | B12: 26-01 | C12: Ravshanova Ruhshona Radju qizi | D12: 908788108 | E12: Bazadan
A13: 12 | B13: 26-01 | C13: Turayeva Dilsuz Oybek qizi | D13: 936031585, 882651585 | E13: Bazadan
A14: 13 | B14: 26-01 | C14: Turg'unova Jasmina Turg'un qizi | D14: 910707501, 908698209 | E14: Bazadan
A15: 14 | B15: 26-01 | C15: Ziyodullayeva Jasmina Alisher qizi | D15: 912240018 | E15: Bazadan
A16: 15 | B16: 26-02 | C16: Alimova Sevinch Raxmiddin qizi | D16: 700343131 | E16: Bazadan
A17: 16 | B17: 26-02 | C17: Berdiqulova Gulshan Rustam qizi | D17: 770629890 | E17: Bazadan
A18: 17 | B18: 26-02 | C18: Eshmurotova Charos Bekqul qizi | D18: 886177860, 914577860 | E18: Bazadan
A19: 18 | B19: 26-02 | C19: G'aybullayeva Ruxsora Xusniddin qizi | D19: 880052965, 874861208 | E19: Bazadan
A20: 19 | B20: 26-02 | C20: Hamroqulova Farzona Odilovna | D20: 870102621 | E20: Bazadan
A21: 20 | B21: 26-02 | C21: Hasanova Dilnura Eson qizi | D21: 875681508 | E21: Bazadan
... A26: 25 | B26: 26-02 | C26: Javliyeva Nargiza Ortiq qizi | D26: 880880124 | E26: Bazadan
A27: 26 | B27: 26-02 | C27: Maxmashoxova Feruza Bekmurod qizi | E27: Topilmadi
A28: 27 | B28: 26-02 | C28: Meyliqulova Hilola Farhod qizi | E28: Topilmadi
A29: 28 | B29: 26-02 | C29: Nu'monova Saidabonu Ulug'bek qizi | D29: 975855793, 776070824 | E29: Bazadan
A30: 29 | B30: 26-02 | C30: Ochildiyeva Dinora Otabek qizi | D30: 992460829, 701080829 | E30: Bazadan
A31: 30 | B31: 26-02 | C31: Quysinova Rohshona To'lqin qizi | D31: 908785105, 916397685 | E31: Bazadan
A32: 31 | B32: 26-02 | C32: Ro'zimurodova Larisa Ma'matali qizi | E32: Topilmadi
A33: 32 | B33: 26-02 | C33: Samadova Nigora Abdisamiyevna | D33: 976312909, 953332960 | E33: Bazadan
A34: 33 | B34: 26-02 | C34: Saydalimova Ruxshona Sharofiddin qizi | D34: 770578758, 704897375 | E34: Bazadan
A35: 34 | B35: 26-02 | C35: Shukriyeva Nariye Redvanovna | D35: 200132207 | E35: Bazadan
A36: 35 | B36: 26-02 | C36: Suyunova Maftuna Akbar qizi | D36: 996152272 | E36: Bazadan
A37: 36 | B37: 26-02 | C37: To'raboyeva Sabrina Ovlaqul qizi | D37: 885890027, 957701169 | E37: Bazadan
A38: 37 | B38: 26-02 | C38: To'xtayeva Durdona Nazim qizi | D38: 880115819 | E38: Bazadan
A39: 38 | B39: 26-02 | C39: Tosheva Aziza Sherzod qizi | D39: 916499228, 976015200 | E39: Bazadan
A40: 39 | B40: 26-02 | C40: Tursunov Sohibjon Hakim o'g'li | D40: 995658681 | E40: Bazadan
A41: 40 | B41: 26-02 | C41: Umarova Iroda Muzaffar qizi | D41: 880669272, 952556670 | E41: Bazadan
A42: 41 | B42: 26-02 | C42: Uroqova Jasmina Jasur qizi | D42: 334948423, 991840519 | E42: Bazadan
A43: 42 | B43: 26-02 | C43: Usmanova Iroda Abdurazzoq qizi | D43: 700720614, 992558990 | E43: Bazadan
A44: 43 | B44: 26-02 | C44: Xurramova Shodiya Arol qizi | D44: 880088028 | E44: Bazadan
A45: 44 | B45: 26-02 | C45: Yorboboyeva Mahliyo Xusan qizi | D45: 771219093, 889770693 | E45: Bazadan
A46: 45 | B46: 26-03 | C46: Aliqulova Shaxzoda Anvar qizi | E46: Topilmadi
A47: 46 | B47: 26-03 | C47: Arziqulova Laylo Bahodir qizi | D47: 940790106 | E47: Bazadan
A48: 47 | B48: 26-03 | C48: Eshnazarova Dilnoza Rustam qizi | D48: 917090876 | E48: Bazadan
A49: 48 | B49: 26-03 | C49: Fayzullayeva Sarvinoz Sherbobo qizi | D49: 997307709 | E49: Bazadan
A50: 49 | B50: 26-03 | C50: Ibragimova Gulnoza Isroil qizi | D50: 952590625, 991523371 | E50: Bazadan
A51: 50 | B51: 26-03 | C51: Izzatulloyeva Vazira G'ayratzoda | D51: 873588797, 886321972 | E51: Bazadan
A52: 51 | B52: 26-03 | C52: Jurayeva Dilnoz G'oibnazarovna | D52: 999430596, 959399205 | E52: Bazadan
A53: 52 | B53: 26-03 | C53: Mansurova Gulasal Musurmon qizi | D53: 939034744 | E53: Bazadan
A54: 53 | B54: 26-03 | C54: Murtazayeva Kamola Jamoliddin qizi | D54: 888039193, 887261412 | E54: Bazadan
A55: 54 | B55: 26-03 | C55: Mustafayeva Madina Ortiq qizi | E55: Topilmadi
A56: 55 | B56: 26-03 | C56: Niyozova Komila Toshpulatovna | E56: Topilmadi
A57: 56 | B57: 26-03 | C57: Norboboyeva Farangiz Nuriddin qizi | D57: 970012780, 973157721 | E57: Bazadan
A58: 57 | B58: 26-03 | C58: Pardaqulova Farzona Shovkatovna | D58: 772131924, 919584082 | E58: Bazadan
A59: 58 | B59: 26-03 | C59: Pardayeva Farangiz Norali qizi | D59: 876450108, 990427984 | E59: Bazadan
A60: 59 | B60: 26-03 | C60: Primova Husnora Shovkat qizi | D60: 873920025, 873920021 | E60: Bazadan
A61: 60 | B61: 26-03 | C61: Rasulova Husnobod Bekmurod qizi | D61: 503019503, 997304804 | E61: Bazadan
A62: 61 | B62: 26-03 | C62: Rayimova Nozliya Laziz qizi | D62: 919595774 | E62: Bazadan
A63: 62 | B63: 26-03 | C63: Rustamova Charos O'ktam qizi | D63: 880632608, 973360140 | E63: Bazadan
A64: 63 | B64: 26-03 | C64: Salayeva Dilroz Muroulla qizi | E64: Topilmadi
A65: 64 | B65: 26-03 | C65: Sayfiyeva Zarina Axmad qizi | D65: 880001458, 905176163 | E65: Bazadan
A66: 65 | B66: 26-03 | C66: Sayidova Dilafro'z Qahramon qizi | D66: 330578323, 334248323 | E66: Bazadan
A67: 66 | B67: 26-03 | C67: Shamsiyeva Fotima Sharofiddin qizi | D67: 885020703, 880037679 | E67: Bazadan
A68: 67 | B68: 26-03 | C68: Shukurova Zilola Farxod qizi | D68: 704785808 | E68: Bazadan
A69: 68 | B69: 26-03 | C69: Temirova Rushana Sarvarovna | D69: 955838858 | E69: Bazadan
A70: 69 | B70: 26-03 | C70: Toshpo'latova Asila Akmal qizi | D70: 971880757, 973810757 | E70: Bazadan
A71: 70 | B71: 26-03 | C71: Umirova Sevinch Avlayor qizi | D71: 875615296, 772322878 | E71: Bazadan
A72: 71 | B72: 26-03 | C72: Usmonova Yulduz Nu'mon qizi | D72: 876310721, 875280782 | E72: Bazadan
A73: 72 | B73: 26-03 | C73: Xaydarova Iroda Zarif qizi | D73: 888659008, 881861712 | E73: Bazadan
A74: 73 | B74: 26-03 | C74: Xayrullayeva Umida Safar qizi | D74: 772254208 | E74: Bazadan
A75: 74 | B75: 26-03 | C75: Xolmamatova Shoxista Sobir qizi | D75: 908785105, 916397685 | E75: Bazadan
A76: 75 | B76: 26-03 | C76: Xolmaxmatova Sevinch Isomiddin qizi | D76: 997422473 | E76: Bazadan
... A88: 87 | B88: 26-04 | C88: Isomiddinova Ruhshona Shavkat qizi | D88: 995264709 | E88: Bazadan
A89: 88 | B89: 26-04 | C89: Jalolov Javlonbek G'ani o'g'li | E89: Topilmadi
A90: 89 | B90: 26-04 | C90: Karimova Shaxina Fayzulla qizi | D90: 904403666, 912204218 | E90: Bazadan
A91: 90 | B91: 26-04 | C91: Mahmudova Gulsanam Nigmatovna | D91: 880306601, 970874905 | E91: Bazadan
A92: 91 | B92: 26-04 | C92: Maxmudova Musallam Qamariddin qizi | D92: 505899948 | E92: Bazadan
A93: 92 | B93: 26-04 | C93: Murodova Ruhshona Ilhomovna | D93: 900709579 | E93: Bazadan
A94: 93 | B94: 26-04 | C94: Nafasova Sevinch Bollijon qizi | D94: 991682082, 770427406 | E94: Bazadan
A95: 94 | B95: 26-04 | C95: Pirnazarova Jasmina Olim qizi | D95: 908841208 | E95: Bazadan
A96: 95 | B96: 26-04 | C96: Qodirova Sabina Suxrob qizi | D96: 888270718, 883860485 | E96: Bazadan
A97: 96 | B97: 26-04 | C97: Soyipova Dinora Sanjar qizi | E97: Topilmadi
A98: 97 | B98: 26-04 | C98: Suyarova Dinora Sodiq qizi | D98: 908780280 | E98: Bazadan
A99: 98 | B99: 26-04 | C99: Temirboyeva Iroda Baxtiyor qizi | D99: 883367774, 907163142 | E99: Bazadan
A100: 99 | B100: 26-04 | C100: Tuychiyeva Farzona Dalerovna | D100: 975732292 | E100: Bazadan
A101: 100 | B101: 26-04 | C101: Ulugbekova Zara Ulug'bek qizi | D101: 882633833 | E101: Bazadan
A102: 101 | B102: 26-04 | C102: Xamdamova Madina Abdiqodir qizi | D102: 885872701, 910704107 | E102: Bazadan
A103: 102 | B103: 26-04 | C103: Xannonova Shohsanam Orif qizi | D103: 871160303 | E103: Bazadan
A104: 103 | B104: 26-04 | C104: Xo'jaqulova Navbahor Azim qizi | D104: 883851378, 884188278 | E104: Bazadan
A105: 104 | B105: 26-04 | C105: Xolmurodova Dilnura Dilmurod qizi | D105: 879340301 | E105: Bazadan
A106: 105 | B106: 26-04 | C106: Xujamuratova Durdona Bahrom qizi | D106: 976760905, 876317371 | E106: Bazadan
A107: 106 | B107: 26-04 | C107: Xurramova Shahnoza Shuhrat qizi | D107: 333801121, 880096166 | E107: Bazadan
A108: 107 | B108: 26-04 | C108: Xurramova Shahrizoda Shuhrat qizi | D108: 701202277, 880096166 | E108: Bazadan
A109: 108 | B109: 26-04 | C109: Xusanova Aziza Fazliddin qizi | D109: 887291401, 976198484 | E109: Bazadan
... A124: 123 | B124: 26-05 | C124: Luxmonova Nozima Ilhom qizi | D124: 701206508, 995698112 | E124: Bazadan
A125: 124 | B125: 26-05 | C125: Muhammadiyeva Gulbahor Uchqun qizi | E125: Topilmadi
A126: 125 | B126: 26-05 | C126: Murodova Munisa Muxtor qizi | D126: 886030021 | E126: Bazadan
A127: 126 | B127: 26-05 | C127: Muzrapova Ruhshona Asrorxon qizi | D127: 701885432, 958050186 | E127: Bazadan
A128: 127 | B128: 26-05 | C128: Nazarova Munisa Erkin qizi | D128: 919571858 | E128: Bazadan
A129: 128 | B129: 26-05 | C129: Ne'matova Sevinch Hikmatullo qizi | E129: Topilmadi
...

Sheet Tasdiqlangan istisnolar
A1: № | B1: Guruh | C1: F.I.O | D1: JSHSHIR | E1: Sabab | F1: O'tkazilgan tekshiruv
A2: 1 | B2: 26-02 | C2: Yorboboyeva Mahliyo Xusan qizi | D2: 42207935680042 | E2: Maktabni eksternat tarzida tamomlagan (26.09.2026 da tasdiqlandi) | F2: bitirish_yoshi
